:020000040800F2
:1020000000040020392200083B2200083B2200087F
:102010003B2200083B2200083B2200083B2200082C
:102020003B2200083B2200083B2200086196000882
:102030003B2200083B2200083B22000853A5000871
:102040003B2200083B2200083B2200083B220008FC
:102050003B2200083B2200083B2200083B220008EC
:102060003B2200083B2200083B2200083B220008DC
:102070003B2200083B2200083B2200083B220008CC
:102080003B2200083B2200083B2200083B220008BC
:10209000A1A500083B2200083B2200083B220008C3
:1020A0003B2200083B2200083B2200083B2200089C
:1020B0003B2200083B2200083B2200083B2200088C
:1020C0003B2200083B2200083B2200083B2200087C
:1020D0003B2200083B2200083B2200083B2200086C
:1020E0003B2200083B2200083B2200083B2200085C
:1020F0003B2200083B2200083B2200083B2200084C
:102100003B2200083B2200083B2200083B2200083B
:102110003B2200083B2200083B2200083B2200082B
:102120003B2200083B2200083B2200083B2200081B
:102130003B2200083B2200083B2200083B2200080B
:102140003B2200083B2200083B2200083B220008FB
:102150003B2200083B2200083B2200083B220008EB
:1021600072B6264880F30888254880F309882548F8
:1021700025490860022080F31488BFF36F8F06F0B2
:10218000CFFF06F0B2FB4FF0553020491B4A914279
:102190003CBF41F8040BFAE71D49194A91423CBF84
:1021A00041F8040BFAE71B491B4A1C4B9A423EBFFD
:1021B00051F8040B42F8040BF8E700201849194ABB
:1021C00091423CBF41F8040BFAE706F0ADFF06F080
:1021D000A8FF154C154DAC4203DA54F8041B884790
:1021E000F9E702F0C1FA124C124DAC4203DA54F88E
:1021F000041B8847F9E706F095BF000000040020A3
:10220000000C00200020000808ED00E00000002085
:102210000004002024B50008000C0020301000202D
:10222000301000209031002060210008602100085B
:10223000602100086021000892E700F000F8FEE746
:102240002DE9F04FC1F80CD0C3689D46BDE8F08F72
:10225000002383F311882846A047002007F03EF9A9
:10226000FEE707F095F800DFFEE7000053B94AB932
:10227000002908BF00281CBF4FF0FF314FF0FF308E
:1022800000F062B9ADF1080C6DE904CE00F006F87B
:10229000DDF804E0DDE9022304B070472DE9F047E2
:1022A0008C46154604461E46089F002B40F0CB8006
:1022B0008A4248D9B2FA82F149B1C1F120030CFA3D
:1022C00001FC20FA03F38D4043EA0C0C8C404FEAEA
:1022D000154EBCFBFEF8A8B20EFB18CC08FB00F9AB
:1022E000230C43EA0C43994529D9EB1808F1FF3236
:1022F00004D2994502D9A8F102022B44A3EB0903A9
:10230000B3FBFEFC0EFB1C330CFB00F0A4B244EA52
:102310000344A04215D92C190CF1FF3304D2A0427A
:1023200002D9ACF102032C44241A43EA02401FB143
:102330000023CC403C607B603146BDE8F0874246DC
:10234000DCE76346F0E7002A73D0B2FA82F3DBB32E
:102350001E4602FA06F5C6F1200321FA03F24FEAFF
:10236000154EB14020FA03F30B43B2FBFEF100FA25
:1023700006F40EFB112CA8B201FB00F81A0C42EA7D
:102380000C42904557D9AA1801F1FF3C04D2904560
:1023900002D9A1F1020C2A44A2EB0802B2FBFEF121
:1023A0000EFB112248439BB243EA0243984244D9B0
:1023B000EB1801F1FF3203D2984201D98A1E2B4457
:1023C0001B1A42EA0C4201E08B1A01224FEA154E19
:1023D000B3FBFEFCA8B20EFB1C330CFB00F8210C77
:1023E00041EA034398452AD9EB180CF1FF3104D296
:1023F000984502D9ACF102012B44A3EB0803B3FBCF
:10240000FEFC0EFB1C330CFB00F0A4B244EA0344B8
:10241000A04216D92C190CF1FF3304D2A04202D9E4
:10242000ACF102032C44241A43EA0140314616461B
:102430007DE71F268DE78C46AEE70A46C0E761467A
:10244000DBE76346EFE78B4206D917B90026304633
:1024500072E7C7E90001F9E7B3FA83F686B98B4260
:1024600001D3824207D8841A61EB030301209C4602
:102470001FB9002660E73046FAE7C7E9004CF8E7E5
:10248000C6F1200CB34022FA0CF41C434FEA144965
:1024900021FA0CF3B3FBF9F820FA0CF5B14029430B
:1024A0001FFA84FE00FA06F509FB183008FB0EFA45
:1024B0000B0C43EA00439A4502FA06F240D9E318AE
:1024C00008F1FF3004D29A4502D9A8F10200234452
:1024D000A3EB0A03B3FBF9F809FB183308FB0EFE64
:1024E00089B241EA03418E452CD9611808F1FF33C6
:1024F00004D28E4502D9A8F10203214443EA0040E8
:10250000A0FB0298A1EB0E014145CE46434602D303
:1025100006D14D4504D2B9EB020E68EB0403013835
:10252000002FA6D0B5EB0E0261EB030101FA0CFC03
:1025300022FA06F34CEA0303F140C7E9003198E7B9
:102540004046C5E74346D9E7704700BF70B5244B06
:102550001A78244B13F8125003EB42035E7802F012
:102560001DFE214B041E1B7808BF8024042B35D888
:10257000DFE803F0030D1719280022460020FF2191
:1025800002F03DFFBDE870400B2003F051B8012080
:1025900003F04EF8224631462846BDE8704002F06E
:1025A0002EBF0320F4E7012003F042F80022114679
:1025B000104602F024FF082200210C48BDE87040BC
:1025C00008F0BBBA012003F033F800212246084688
:1025D00002F015FF202200210548EFE770BD00BF83
:1025E0005C10002084AB00085D1000205410002017
:1025F00030100020044B054A1B78107840EA031085
:1026000040F02B4001F06DBC5C1000205D100020FC
:1026100010B501F09EFC01F062FC00F07F43B3F1C5
:102620002B4F13D10C4A00F00F010429117088BF01
:1026300000214FEA101488BF1170220748BF002202
:10264000064BC0F30310187048BF1A7003F01EF851
:10265000BDE81040FFF77ABF5D1000205C1000203D
:1026600008B503F013F8FFF771FFBDE8084005F067
:1026700068BE0000F8B5244B1B78032B26D1234CF1
:10268000206805F07AFE06281CD905F0B7FE206008
:1026900000241F4B1F4D1A781F4B13F8126003EBD9
:1026A00042035F7815F8012B42B1013AD2B22346BA
:1026B0003946304605F8012C02F0C0FE0134E4B280
:1026C000082CEFD1BDE8F84001F065BC042BF9D12E
:1026D00002F064FD051E08BF802500240F4E56F849
:1026E000040B60B105F049FEB0F5FA7F07D3002175
:1026F00023462A46084646F8041C02F09FFE013491
:10270000E4B2082CEBD1DDE75D1000205010002072
:102710005C1000205410002084AB00083010002012
:102720002DE9F8433B4E044633780D46032B1CD16C
:102730004B79D3B1A0F5FC43403B012B15D9A0F553
:10274000A443203B1F2B10D90B788022072B28BFD6
:10275000072331493148CA5431490F7800EB47010A
:10276000497810F8170002F069FE337847F64062A6
:10277000042B2FD1697969B394423AD047F641636B
:102780009C422DD0A4F5A443203B1F2B1CD9244BE5
:102790002F781A78214B072F13F8128003EB42038E
:1027A00028BF072793F8019002F0F8FC061E08BF27
:1027B000802605F023FE1B4B324643F8270049468E
:1027C0003B46404602F03AFE29462046BDE8F84323
:1027D00000F0B2B894420CD047F641639C42F3D16A
:1027E0006B79A3B10E4A1378013303F0070313701A
:1027F00009E06A795AB105220133B3FBF2F202EB28
:1028000082029B1A3370FFF7A1FEFFF7F3FE002050
:10281000BDE8F8835D1000205410002084AB000850
:102820005C1000203010002003280BD8012909D8A3
:10283000072A07D801EB4001034B02EBC10233F832
:10284000120070470120704794AB0008A0F5807318
:10285000B3F5F85F10B52DD210F4805F00F400746A
:10286000C0F3002300F4806100F4006013D01B016A
:1028700043F02002002C18BF134643F04002D2B2AE
:10288000002918BF134663F07F02D2B2002818BF98
:102890001346184610BD43F00202D2B2002C18BFF6
:1028A000134643F00402D2B2002918BF134643F086
:1028B0000802EAE70023ECE710B50C46FFF7C6FF75
:1028C0002346BDE810401847A0F1E003072B10B5E0
:1028D000044600D940B920460449FFF7EDFFE0B2B5
:1028E000BDE8104000F002BA0149F6E7092E0008E1
:1028F0008132000810B50446C0B200F033FAA4F1EA
:10290000E003072B00D92CB903492046BDE810404D
:10291000FFF7D2BF0149F8E71B2E000893320008E9
:10292000012070470120704708B5FFF7FBFF08BD85
:1029300001207047012070470120704770477047A1
:1029400008B5FFF7FCFF08BD0120704770477047CE
:1029500013B5104BCDE900011B78B3B99DF80530D4
:1029600073B16AB100F0D4FD04460146009800F04E
:10297000A3FD2046009902B0BDE8104001F096BCCE
:10298000009800F0AFFD0446F3E7009800F0C0FDAA
:102990000099F0E764100020034600890A4610B44D
:1029A00038B95C881888998840EA044010BCFFF761
:1029B000CFBF10BC704710B504460121FFF7ECFFF4
:1029C0002146FFF7ADFF70B101212046FFF7E4FF7C
:1029D0002146FFF7A9FF30B101212046FFF7DCFFB8
:1029E000214603F0FDFD00F0010010BD38B50021C7
:1029F0000446FFF7D1FF05462146FFF79FFF21461A
:102A00002846FFF79DFF38BD012303FA00F0C0B24E
:102A100000F0B5BC10B504460120A040C0B201F0E2
:102A200054FA2046BDE81040FFF7EEBF0120704782
:102A300008B5FFF7FBFF08BD10B5044600F046FCE3
:102A40002046FFF781FF2046FFF7F2FFBDE8104068
:102A500046F2A81006F047BD08B50120FFF7ECFFCD
:102A6000BDE8084005F018BD08B50020FFF7E4FFF9
:102A7000BDE8084005F014BD38B504460D4605F024
:102A8000B9F820B101212846FFF786FF04466B798B
:102A90000BB102F04FFE2946204604F03FFD00280E
:102AA00076D02946204604F089FD002870D02946BA
:102AB0002046FFF73FFF00286AD029462046FFF74F
:102AC0002FFE002864D02946204605F0C1F90028D1
:102AD0005ED02946204603F075F9002858D02946D3
:102AE000204603F007FB002852D02946204604F078
:102AF00021FA00284CD02946204605F097F80028F6
:102B000046D02946204604F0EFFF002840D0294651
:102B1000204604F0EDFBD8B32946204604F032F9F4
:102B2000B0B32946204602F0F7F988B3294620467B
:102B300005F0F0F860B32946204601F0CBFC38B32D
:102B40002946204604F03AFB10B36B797BB147F677
:102B50005A439C4223D00ED847F601439C421BD0D7
:102B600047F603439C4215D0B4F5F84F0ED02846E3
:102B7000FFF7DEFE0DE047F65B439C4212D047F6BE
:102B80005C439C42F3D101F053F9F0E7FFF764FF97
:102B9000002038BD01F08AF9FFF766FFF8E701F081
:102BA00051F9E4E701F051F9E1E710B504460121DC
:102BB000FFF7F2FE2146BDE81040FFF75DBF08B504
:102BC000FFF7C4FE05F0B9FBBDE8084000F031B8DE
:102BD00008B500F033F8FFF7BAFEBDE80840FFF78C
:102BE0003FBD002308B9D8B27047421E01331040E0
:102BF000F8E7020906BF13460246042391081CBFEA
:102C00000A46023303EB5200C0B2704701207047FE
:102C1000704738B50546FFF7F9FF044610B128465E
:102C2000FFF7F6FF204638BD704708B5FFF7F1FF04
:102C300008BD08B50020FFF7F8FF08BD08B505F08E
:102C400045FAFFF7F2FF08BD10B505F03FFA074B54
:102C500004461A78824207D0187005F0CFFB044B67
:102C600018602046FFF7E1FF10BD00BF5E10002096
:102C70006010002010B586B0CDE900019DF8053048
:102C80000BB100F0A9FFDDE900010023ADF812301F
:102C9000ADF81430104B03905B78ADF810105B0763
:102CA0000AD500F03FFF10B1022001F091F800F0CA
:102CB0001BFF08B101F008F89DF8103033B903ABE1
:102CC00093E8070000F0A6FE06B010BD03A8FFF7CA
:102CD00072FE0028F3D1F7E7F42E00200379012BD0
:102CE00002D1008800F036BC7047000010B50446E1
:102CF000A8B3031FDBB2A02B0ED805F04FFA20B10A
:102D0000204605F087FA01F02FF8204605F07AFA00
:102D1000BDE8104001F028B800F12003DBB2072B1A
:102D200007D800F007040120A040C0B200F022FF45
:102D3000EEE700F15B03DBB2022B05D8BDE81040E3
:102D4000243880B205F0D6B95834E4B21A2C06D82B
:102D5000034B33F81400BDE8104005F0E7B910BD8F
:102D600014AC000808B5034648B3021FD2B2A02A2B
:102D700005D805F04FFABDE8084000F0F5BF00F1B6
:102D80002002D2B2072A07D800F00703012098409A
:102D9000C0B200F0F7FEEEE700F15B02D2B2022A09
:102DA00004D8BDE80840002005F0A4B95833DBB2D0
:102DB0001A2B04D8BDE80840002005F0B7B908BDBB
:102DC00038B50C460546FFF791FF8CB140F2E7306D
:102DD0000021DFF820C04FF47A720023E4FB0C01DD
:102DE000FFF744FA06F07FFB2846FFF7BBFF38BD2C
:102DF0000120F7E7A086010008B539280CBF502153
:102E00000021FFF7DDFF08BD08B528B100F0B2FED4
:102E1000BDE8084000F0A8BF08BD08B528B100F023
:102E2000B1FEBDE8084000F09FBF08BD2DE9F843A2
:102E300090F8068081460C46457900F08BFEC8F379
:102E40000318074618B32F460DB3C4F3072303F046
:102E5000F002402A0ED0E1B201F12002D2B2072ADC
:102E600027D903F0E003202B04D1012921D9B8F19F
:102E7000000F20D0A84B5F7817F0040707D002207E
:102E800000F0A6FF00F066FE80F00107FFB2C4F379
:102E900003330B2B3ED8DFE813F010001000550071
:102EA0005500CC003D003D003D00E40041015301D0
:102EB00053010027EBE74746E9E7C4F30326C4F3D1
:102EC000072233010F2A88BF1E46E4B285B156B1EE
:102ED00004F12003DBB2072B304600D92CB900F0F7
:102EE00049FE00F041FF20464CE000F05FFEF8E7AD
:102EF0002046FFF737FF6EB104F12003DBB2072B4A
:102F0000304600D914B900F03DFE01E000F056FE55
:102F100000F02AFF002F00F07A8100F0FBFD10F096
:102F2000010040F0748189F8050000F0EDFD00F02B
:102F30005BFA484600F086F900F0E6FDBDE8F8438C
:102F400000F05EBAC4F30326C4F3072303F0F003D2
:102F50003201E4B2202B18BF16463CB1012C4ED0F2
:102F6000002D58D0B8F1000F1AD0BCE76A4B5B783F
:102F7000590711D44DB126B1304600F0FBFD00F0E9
:102F8000F3FE0020FFF7B2FEC4E72846FFF7EAFE93
:102F9000002EBFD03046B6E7D5B1B8F1000F03D14F
:102FA0003046FFF731FFB5E7B8F1010F03D13046E6
:102FB00000F05EFEAEE7B8F1050FABD13046FFF78B
:102FC00023FF304600F06AFE304600F02FFEA1E7F6
:102FD000B8F1000F09D13046FFF71FFF304600F06F
:102FE0005DFE304600F030FE94E7B8F1010F91D15C
:102FF00000F0BAFD3040C0B200288BD0EBE71DB125
:10300000B8F1050F86D8CBE7B8F1040F82D8304667
:10301000FFF703FF7EE7B8F1000FF8D0392C0CBFA3
:103020004FF4FA50012006F05EFA2046FFF79AFEB0
:1030300070E714F4406FC4F3812308D0012B7FF4B0
:1030400069AF65B1C4F3090005F070F862E725B116
:10305000C4F3090005F04EF85CE72846FAE7284675
:10306000F2E714F4407F2AD1D5B90F23C4F34212FA
:103070009200D2B29340DB4314F01000DBB218BFD1
:10308000184604F00F019140C4F381240843022C38
:10309000C0B20ED0032C0FD0012C07D000F07AF96B
:1030A00005F014F8BDE8F843FFF7BFBD00F06AF97A
:1030B000F6E700F077F9F3E700F061F9F0E7C4F321
:1030C0000122EDB1D207EBD50F23C4F342129200D7
:1030D000D2B29340DB4314F01000DBB218BF1846A5
:1030E00004F00F019140C4F381240843022CC0B2C4
:1030F0000CD0032C0DD0012C05D000F09FF9CFE7A8
:10310000012ACDD9E0E700F091F9C9E700F09EF976
:10311000C6E700F055F9C3E7F42E0020E6B2C4F389
:10312000032435B1204600F05FF93046FFF76CFE0E
:10313000B6E73046FFF771FE204600F061F9AFE7D1
:10314000E6B2A6F1F003042B48D8DFE803F003232E
:103150000F161F003DB1B8F1040FA1D8C4F304202D
:1031600000F058F99CE7B8F1050FF6E7C4F3042026
:10317000002DE2D100F038F992E725B1C4F3042024
:1031800000F02BF98CE700F025F989E7214B5B78FB
:103190005B0704D4C4F30420002DCED0EAE795B138
:1031A00000F0B8FC042804D100F004FEC4F30420AD
:1031B000C3E7B8F1040F3FF673AF0321C4F3042053
:1031C00000F0DAFD6CE7B8F1040F03D900F0F2FD6E
:1031D0000421F3E7012000F0FBFD61E74DB1B8F1F8
:1031E000000F03D03046FFF781FD59E7C4F30420F8
:1031F000C0E7B8F1000FD9D0392E0CBF4FF4FA5008
:10320000012006F070F93046FFF7ACFD48E7BDE855
:10321000F88300BFF42E002038B50546008960B160
:1032200000F06CFF044600F019F900F0A7F8214601
:103230002846BDE83840FFF7F9BD2988687900F0D5
:1032400095F9EFE7037910B50446B3B1FFF7ADFC8C
:1032500068B900F07FFC80B1637973B1074B5B788C
:103260005B070AD5BDE81040022000F0B1BD204642
:10327000FFF7D2FF2046FFF7B9FB10BDF42E002068
:1032800008B528B100F092FCBDE8084000F06CBD24
:1032900008BD08B528B100F091FCBDE8084000F079
:1032A00063BD08BD08B5002004F024FF002004F031
:1032B0003DFF00F091FCBDE8084000F055BD08B5A9
:1032C00004F0B0FFBDE80840FFF7ECBF08B500F020
:1032D00061FCBDE80840FFF7F2BFC0F30333062BE3
:1032E000C2B213D094BF0E33063303F00F03012B89
:1032F00013D8F02A13D004D8E72A8CBF002001206D
:103300007047A2F1F403584258417047F12A18BFA0
:10331000E72A94BF01200020704700207047012059
:10332000704708B50346007958B1188928B100F0F4
:10333000E5FEBDE80840FFF7D0BF188800F00AF9A5
:10334000F7E708BD82B0CDE9000102B0704784B054
:1033500004AB03E9070004B07047704708B5FFF7F6
:10336000FCFF08BD7047000008B5FFF7FBFFFFF743
:10337000F5FF014B187008BD6C1000207047FFF777
:10338000F3BF0000024B1B781843FFF7EDBF00BFEF
:103390006C100020024B1B781840FFF7E5BF00BF00
:1033A0006C100020024B1B785840FFF7DDBF00BFB8
:1033B0006C100020704708B5FFF7FCFF08BD704790
:1033C00008B5FFF7FCFFFFF7F6FF014B187008BDCB
:1033D0006B1000200020FFF7F3BF012303FA00F079
:1033E000C0B2FFF7EDBF0000012303FA00F0034B6A
:1033F0001B781843C0B2FFF7E3BF00BF6B1000207B
:103400000123034A8340107820EA0300FFF7D8BF66
:103410006B100020012303FA00F0034B1B78584087
:10342000C0B2FFF7CDBF00BF6B100020024B1B786E
:103430001843FFF7C5BF00BF6B100020024B1B787D
:103440001840FFF7BDBF00BF6B100020024B1B7878
:103450005840FFF7B5BF00BF6B100020704701F068
:103460000703C90801EB410130B501250A440021D9
:103470009D40013A12F8014F20FA01F343F3000393
:1034800063402B4001315C4003291470F2D130BD00
:10349000002210B500F00704C00800EB4000014412
:1034A00010468B5CE34003F0010393400132184364
:1034B000032AC0B2F5D110BDC0F3072382B0012B9F
:1034C000ADF80400084609D89DF80410072905D86E
:1034D000034A01EBC30102B0FFF7C1BF02B070475E
:1034E0006510002082B0ADF80400C0F30720012869
:1034F00009D89DF80430072B05D8044903EBC00018
:1035000002B0FFF7C5BF002002B070476510002071
:1035100073B503240D4BADF804001D780C4B1B78DC
:103520001D43EDB245FA04F3DB0705D4013CF9D2A3
:103530000026304602B070BDE6B23046019900F078
:10354000D5FE80B20128F1D0F3E700BF6B10002058
:103550006C10002007B5ADF804000198FFF7D8FF04
:10356000019903B05DF804EB00F0C0BE13B5104B39
:10357000ADF804101B782BB1019802B0BDE81040E3
:10358000FFF7E8BF70B10198FFF7C2FF044601469C
:103590000198FFF791FF2046019902B0BDE8104065
:1035A00000F0A4BE0198FFF79DFF0446F3E700BFBB
:1035B0006410002010B5012404FA02F204FA01F1AB
:1035C0001143CAB20140914204FA03F406BF2043FA
:1035D000C0B2A04310BD000008B513460A4601461C
:1035E00003480078FFF7E6FFBDE80840FFF7E8BEB4
:1035F0006B100020F8B50A270D4B0E4E1C780E4DAF
:103600003378A34200D1F8BD07FB04F2AB18A85AE7
:10361000B3F802C09A88D98840EA0C4042EA0141D6
:1036200001341A89FFF793FE04F00704E8E700BFAE
:103630006D1000206E1000207010002010B4064B9A
:103640005C889A881888D98840EA044042EA014197
:1036500010BC1A89FFF77BBEC01000204FF00A0C87
:10366000F0B50E4B0E4C1B7827780E4CBB4201D1A7
:103670000020F0BD0CFB03F6A51995F801E08E457E
:1036800005D1A65D864202D16D79954203D1013301
:1036900003F00703EAE70120EBE700BF6D1000200D
:1036A0006E100020701000202DE9F047224CA37905
:1036B0000F2B0DD863795BB14FF00A0A1F4BDFF86F
:1036C00080901D78DFF87C8099F80030AB4201D102
:1036D000BDE8F0870AFB05F303EB0806327932B345
:1036E00071786278914222D118F8032023789A42A7
:1036F0001DD17179D9B9638877880F48FF1AFFF710
:103700004BF90D4902F040FBBFB287420FD20122B4
:10371000A379094862F30713A371B37962F307131E
:10372000B371FFF78FFDBDE8F047FFF763BF0135C9
:1037300005F00705C8E700BFC01000206D1000208D
:103740006E100020701000202DE9F04F054689B062
:10375000AF4C0146062203A807F005FA217995F837
:1037600005B095F804A0D1B9BAF1000F00F0FE80C1
:10377000BBF1000F00F043812846FFF7D2FD00287F
:1037800000F03D810A222946204607F0ECF9204648
:10379000FFF7A4FAFFF788FFFFF750FFE6E06F8816
:1037A000B4F802806679A7EB08081FFA88F8002EA3
:1037B00000F0DE802B78002100936B782046019387
:1037C000FFF7EAF8214602F0DFFA404540F2A18017
:1037D000BAF1000F00F0CA80A27961780F2A6878E8
:1037E0005AD888421AD120782978884216D120895F
:1037F0002989884212D1BBF1000F48D1012363F31C
:103800000712A271FFF71AFF2046FFF71BFDA379ED
:10381000AB710024204609B0BDE8F08FBBF1000F6A
:1038200035D1DDE900015A46FFF718FF0098FFF790
:1038300015FF04460028ECD10398FFF78BFEC0F378
:103840000332032AC3B208D8012A10D910F4706FCA
:1038500012D0AA790F2A0FD8DCE7063202F00F0245
:10386000012A0ED92846FFF7EDFC3446D2E710F4C2
:10387000706F01D0002BCDD02033DBB2072BC9D91C
:10388000F0E7EF2BC6D90F33DBB2022BF7E7A379B2
:1038900043F00103A371BCE7884214D12078297852
:1038A000884210D12089298988420CD1BBF1000FB0
:1038B00009D12846AA71FFF7C5FC0A2229462046ED
:1038C00007F051F968E72846FFF72BFD002800F0C4
:1038D0009680BBF1000F00F09280A3791F2B12D9C4
:1038E00022888DF81A30ADF81420227923898DF8BA
:1038F0001820002205A8ADF816708DF81920ADF833
:103900001C30FFF79FFC0A222946414807F02BF99B
:1039100040E7A1790F290ED8DDE90301FFF712FD79
:103920002046FFF78FFC0A220021204607F005F908
:10393000FFF784FE6DE7BAF1000F17D060786A7860
:103940009042C0D120782A789042BCD120892A891F
:103950009042B8D1BBF1000FB5D12846A971FFF74D
:1039600071FC0A225946204607F0E7F8012451E786
:1039700031462046FFF710F8214602F005FA40458F
:1039800041D9BAF1000FF1D0BBF1000F37D0627806
:103990006B789A422AD122782B789A4226D12289B2
:1039A0002B899A4222D16388FF1ABFB2C72F17D83A
:1039B000A379DA0714D40F2B12D9AB7103F0F003FB
:1039C000F02B06D0AB79C3F30312013262F3071375
:1039D000AB712846FFF736FC0A2229460C486FE7F0
:1039E0000A2229460A4807F0BEF8BFE72846FFF733
:1039F00098FC002887D1A37943F00103A3712846DE
:103A0000FFF720FCB2E7DDE90301FFF79BFC8AE743
:103A1000C0100020F0B589B001AC84E80700204652
:103A2000FFF792FE294E07469DF808C0284D70B159
:103A3000BCF1000F03D094E80700FFF788FC0A24CC
:103A4000244F28783378834225D109B0F0BD05ABE7
:103A500094E8070003C31A80BCF1000FEFD033785D
:103A60002A785C1C04F0070494420AD00A22194800
:103A700005A902FB030007F076F83470FFF7BAFDE2
:103A8000DDE7FFF723FC0A223946134837702F7011
:103A900007F053F8D3E704FB0070FFF755FE00284A
:103AA000D3D02A786243BB18B85AB3F802C09A88B8
:103AB000D98840EA0C4042EA01411A89FFF747FCE5
:103AC0002B78013303F007032B70BAE76E10002048
:103AD0006D10002070100020C0100020014B1878DD
:103AE000704700BFD810002008B504F0BDFC054B9E
:103AF0001B88C01A41F2873380B2984294BF0020DD
:103B0000012008BDD6100020014B1878C00870476E
:103B1000D4100020024B187800F00700704700BF57
:103B2000D410002008B504F09FFC084B1B88C01A75
:103B300041F2873380B2984289BF054B0020187844
:103B400080F0040088BFC0F3800008BDD2100020C0
:103B5000D4100020034B187810F0070018BF012084
:103B6000704700BFD4100020014B1878704700BF89
:103B7000E5100020024B1A7810431870704700BF00
:103B8000E5100020024A137823EA000313707047FF
:103B9000E51000200022014B1A707047E51000204C
:103BA000014B1878704700BFE4100020024B1A78D0
:103BB00010431870704700BFE4100020024A1378C9
:103BC00023EA000313707047E4100020014B1870C3
:103BD000704700BFE41000200022014B1A707047AC
:103BE000E4100020014B1870704700BFE310002064
:103BF0000022014B1A707047E3100020014B18702F
:103C0000704700BFE21000200022014B1A7070477D
:103C1000E2100020014B1878704700BFD910002037
:103C2000704708B5FFF7FCFF08BD000008B5054A5E
:103C3000137830EA030103D018431070FFF7F1FF47
:103C400008BD00BFD810002008B5054A137803420C
:103C500004D023EA00001070FFF7E3FF08BD00BFA7
:103C6000D8100020704708B5FFF7FCFF08BD000022
:103C700038B5084D04462B7830EA030309D004F028
:103C8000F3FB054B18802B78204623432B70FFF75E
:103C9000EAFF38BDD9100020D610002010B5084C1E
:103CA000237803420AD023EA0000207008B104F010
:103CB000DBFB044B18802078FFF7D5FF10BD00BF59
:103CC000D9100020D610002008B5054B1A782AB16B
:103CD00000201870034B1880FFF7C5FF08BD00BF18
:103CE000D9100020D6100020F8B5184B184E1C78BB
:103CF000184B194D1B782F681C4333785BB1FFF7C5
:103D0000F3FE08B1FFF7E0FF33781C4304F034FA08
:103D100008B1FFF7D9FF114B08221B78104924EA9C
:103D20000304104B1B781C433C702C68204606F0A3
:103D3000F4FE48B121460822094806F014FF204647
:103D4000BDE8F84004F0CCB9F8BD00BFE510002094
:103D5000D9100020E4100020000C0020E210002008
:103D6000CA100020E3100020FFF7BEBF704708B55F
:103D7000FFF7FCFF08BD00000B4A10B5527853074F
:103D80000ED50A4C41EAC0012170FFF72DFB04F06B
:103D90006BFB074B18802078C008FFF7E8FF10BDC9
:103DA000BDE81040FFF720BBF42E0020D410002007
:103DB000D2100020002008B5034B1870034B188068
:103DC000FFF7D5FF08BD00BFD4100020D21000209F
:103DD00008B50A4A137823EA0000107042070CD194
:103DE00098420AD0064B5B785B0706D5C008FFF700
:103DF00007FBBDE80840FFF7DDBF08BDD410002079
:103E0000F42E0020094A08B55378C3F3800181429B
:103E10000AD060F382031046537000F05AF8BDE8F0
:103E200008400220FFF7D4BF08BD00BFF42E0020D9
:103E3000034B587880F00400C0F38000FFF7E2BF26
:103E4000F42E00200120FFF7DDBF0020FFF7DABFCE
:103E5000002000F0ABBB08B5002000F0A0FBFFF78E
:103E6000F7FF08BD07B500F045FB00F050FB00234D
:103E700068468DF8003000F061FB0120094B187096
:103E800000F063FB4FF4A05301A8ADF8043000F03C
:103E900067FB01F033F903F0BCFFFFF7DCFF03B071
:103EA00000BD00BF6C100020FFF7DCBF00F034BB8A
:103EB00008B500F022FB18B1BDE8084003F06ABF66
:103EC00008BD00F034BB00F03DBB00F03EBB00F08D
:103ED00040BB00F045BB00F047BB00F054BB00F016
:103EE00062BB00F063BB00F065BB000073B504F07B
:103EF000BBFA0A4C0546238883420DD00026ADF854
:103F0000006004F0B1FAADF80460ADF80200DDE93C
:103F10000001FEF7AFFE258002B070BDE610002064
:103F200008B504F06BFA024B1860024B186008BD2C
:103F3000F0100020EC1000207047704708B5FFF724
:103F4000FCFF08BD704708B5FFF7FCFFFFF7F6FF61
:103F500008BD7047704708B5FFF7FCFFFEF758FB38
:103F600008BD01207047000008B5064800F028FB96
:103F700000F09EFC01F0EAFCFFF7DEFFBDE8084020
:103F8000FFF7E1BFD14400080120704708B5FFF7F3
:103F9000FBFF08BD7047704708B5FFF7FBFFFEF752
:103FA00069FBFFF7F8FF08BD08B5FFF781FF08B907
:103FB000FFF77AFF0848FFF784FF0848FFF787FFFD
:103FC00002F074F8FFF77FFFFFF7D9F9044B187878
:103FD000BDE80840FFF7EFB9F4100020F42E0020F0
:103FE0006B10002008B504F007FA03F022FF00F080
:103FF00049FBFFF7D9FFFEF717FE01F01DFBBDE8F7
:104000000840FFF7A8BF08B502F07AFF03F05CFE96
:1040100002F09AFA02F064F9BDE8084003F066B9CC
:104020002DE9F04F85B0FFF79CFF50B9FFF75EFF19
:10403000FFF7E9FF01F07FFB05B0BDE8F04FFEF7A9
:1040400003BE2C4C00F034FB0020257800F0C8FAA9
:10405000854205D10120647800F0C2FA8442E5D09F
:10406000254B1B789B0701D500F0C0FAFFF78EFFA8
:104070004FF0000B4FF00109DFF878A001905FFAD4
:104080008BF8404600F0ACFA1AF8017B0546B842BE
:1040900026D000240126474007EA0603DBB2BBB165
:1040A000019BABB18DF808408DF8098004F0DCF974
:1040B00005EA0603DBB2003B18BF0123ADF80A0096
:1040C0008DF80C908DF80D30DDE90201FEF7D2FD80
:1040D0000134E4B2082C4FEA4606DDD10AF8015C4F
:1040E0000BF10103022B4FF0010BC8D1FFF718FFB2
:1040F0009EE700BFE8100020F410002038B500F063
:1041000001F9B0F5A44F044641D2B0F5A04F80F0BC
:10411000AA80DF2816D8CC2800F28880A7280AD8E1
:10412000A42876D8012804D0031F9BB2A12B28BF56
:104130000024204638BDA0F1A8039BB21A2B6DD9EC
:104140000024F6E7B0F5804F18D2B0F5005F80F09C
:104150009D80E728EDD9A0F580739BB2B3F5F85F99
:10416000EED2C0F3072000F051F90502E0B200F0F2
:10417000C9F805F4F85540EA0504DAE7C0B200F0E2
:10418000C1F804F47064204340F42044D1E7B0F552
:10419000A54F21D245F25F23984251D845F23F23E3
:1041A00098420ED845F21F23984242D8012300F0CE
:1041B0000304A340C0F3850243EA421343F40D44D1
:1041C000B7E7012300F00304A340C0F3820243EAEF
:1041D000421343F40C44ACE745F2BF2398420AD89B
:1041E00045F29F23984200F01F0034D84AF2F403AE
:1041F00043EA00249DE7A0F5A543403B9BB21F2B5B
:104200009ED8040204F4F85444F4204444F0F0042A
:104210008FE7A0F1240444F480448AE7224B583409
:10422000E4B233F8144044F4884482E740F4A044F4
:104230007FE74AF2F10300F01F0443EA042478E721
:10424000012300F00304A340C0F3820243EA4213B7
:1042500043F40A446DE700F0D9F8040204F4F8547A
:1042600044F4005465E700F01F0000F0CFF803B2FB
:104270001A0102F0F00210F0100F18BF1346C4F339
:10428000431443EA042343F4104452E7C0F30420E8
:1042900000F0BCF80502E0B200F034F805F4F8557F
:1042A000054345F4005444E74AAC00080D4B82B086
:1042B0001B68ADF804109BB99DF805109DF804200B
:1042C000F02906D1F02A01D1074B1B88184602B00D
:1042D00070470129FAD8072AF8D802B002F05EBB6D
:1042E0000023F3E7502A00204830002007B5ADF83E
:1042F00004100199FFF7DAFF03B05DF804EBFFF754
:10430000FDBE0000E7284FD8DF2807D8312864D049
:104310000ED8292857D02A2866D07047A0F1E0038C
:10432000072B41D8DFE803F01540232831403C41FA
:10433000392804D0822802D035283FD07047324B2C
:104340001A7892071FD15B7813F0080F18BF292045
:1043500070472D4A1378D9074DD4527812F0010FC7
:1043600022D013F0100F14BF0020E3207047264B1B
:104370001B7813F0040FF3E7234A137859073CD452
:104380005278D207EDD5E02070471F4B5A7891073D
:104390000AD51B7813F0100F14BF0020E7207047D8
:1043A000194B1B781A07F5D47047174A1378190769
:1043B00025D452789107EDD5E4207047124B1B7835
:1043C00013F0200FC2E7104B1A78920619D45B78CD
:1043D00013F0080F18BF392070470B4B1B7813F0F0
:1043E000400F18BF2A207047074B1B7813F0400F6F
:1043F00018BF3120704739207047E2207047E6200F
:1044000070473520D0E700BFF42E002030B52F4D87
:104410002B785A0711D500F0140100F018020C1F78
:104420006142A2F1080C6141DCF1000242EB0C0296
:1044300080F00C04914218BF2046190713D500F0F4
:10444000140400F01801A4F1140CA1F11802DCF11D
:10445000000444EB0C045142514180F00C02D2B2F2
:104460008C4218BF10466D78E90713D500F011048F
:1044700000F0180104F1FF3CA1F10802DCF1000496
:1044800044EB0C045142514180F00902D2B28C42FB
:1044900018BF1046AA0711D500F0110400F018014A
:1044A000A4F111025442A1F118055441694280F06F
:1044B00009026941D2B28C4218BF104600F0E702EF
:1044C00013F0100F18BF104630BD00BFF42E0020AF
:1044D00000207047A0F5A543603B1F2B10B507D8FF
:1044E0004C791CB900F01F00FEF794FA204610BD6D
:1044F0000124FBE7002000F0DDB908B5002000F042
:1045000059F94FF6E363C31A5842584108BD4FF6B4
:10451000E361002000F0B0B908B5002000F0CAF94E
:10452000BDE808404FF6FF71002000F0A5B910B5B6
:104530000446022000F030F9207010BD01780220FE
:1045400000F08CB9032000F027B90146032000F0E9
:1045500085B910B50446042000F02CF9208010BD68
:104560000188042000F088B910B50446082000F046
:104570002FF9002320606360232000F00DF96368A9
:104580000343636010BD10B504460168082000F0C5
:1045900081F921792320BDE8104000F05FB9014680
:1045A0000F2000F077B9132000F012B90146132054
:1045B00000F070B901460E2000F050B9002070479D
:1045C000014B1860704700BF040C0020704708B50D
:1045D000FFF7FCFF08BD704708B5FFF7FCFF08BDFB
:1045E000014B185C704700BFF82E00207047000098
:1045F0002DE9F04100274FF001080E4D2E46002412
:1046000056F8040B431C08D000F00F01032208FAEF
:1046100001F120F00F0005F053FF0134082CEFD119
:104620007B1C022B4FF0010705F12005E6D1BDE808
:10463000F08100BF80AC00080023F0B501221E46C7
:104640000F4D05EB411555F8044B671C15D024F0B0
:104650000F07BF6804F00F0427FA04F414F0010FE9
:104660000CBF144600240133DBB25200082B46EA8B
:104670000406D2B2E7D14654F0BD0024F3E700BFF0
:1046800080AC000808B5FFF7B3FF0023064A0220FC
:1046900013705370054A1370537000F033F8BDE87F
:1046A0000840FFF794BF00BFF82E0020F62E002030
:1046B00013B5002101A8ADF80410FFF7BDFF0121DB
:1046C00001A8FFF7B9FF02220C4801A906F025FA5C
:1046D000041E18BF012420B10222084801A906F0D7
:1046E00042FA234602220649044800F00DF8044627
:1046F000FFF772FF204602B010BD00BFF62E00206B
:10470000F82E0020704700002DE9F84380460F4640
:1047100091461C46114D43B101232B7003F06EFEF0
:104720000F4B18600020BDE8F8832E78002EF9D0DA
:104730000B4B186803F021FE0428F3D94A46414682
:10474000384606F0EAF928B14A464146384606F0AE
:104750000AFA3446002320462B70E4E7FC100020C0
:10476000F8100020FFF75CBC08B503F00CFE04F065
:10477000CAF8FFF7F9FB04F0C9F8FFF733FC04F0BF
:10478000D3F804F0D7F8FFF7EDFF04F0EFF804F0EA
:1047900097F8FFF701FCF4E7002307B50146012273
:1047A0000DF107008DF8073000F086F89DF807003E
:1047B00003B000BD002307B5014602220DF106003B
:1047C000ADF8063000F078F8BDF8060003B000BD83
:1047D00007B50422002301460DEB0200019300F00F
:1047E0006BF8019803B000BD07B501228DF80710E2
:1047F00001460DF1070000F064F803B000BD07B5F5
:104800000222ADF8061001460DF1060000F059F83D
:1048100003B000BD07B50422019101460DEB020073
:1048200000F04FF803B000BDF8B505461446D31D9F
:1048300023F0070300AFADEB030D68460E4600F012
:104840003BF822466946284606F067F920B1224621
:104850003146284600F035F8BD46F8BD38B50C465F
:104860000546FFF799FFA04205D021462846BDE83E
:104870003840FFF7B9BF38BD38B50C460546FFF7DD
:1048800099FFA04205D021462846BDE83840FFF7F1
:10489000B6BF38BD38B50C460546FFF799FFA042B4
:1048A00005D021462846BDE83840FFF7B3BF38BDE4
:1048B00000F096B900F038B80B460146184600F0F3
:1048C0004DB80B460146184600F0D8B84FF4805258
:1048D00008B50021034806F030F941F20802024B06
:1048E0001A6008BD001100200021002010B5054C01
:1048F00023792BB900F034FA08B10120207110BDE2
:104900000220FCE70021002010B5064C237933B1CA
:1049100000F07CFA10B100230120237110BD0220A9
:10492000FCE700BF0021002038B5FFF7DFFF044699
:1049300018B9FFF7E9FF204638BD00F01DFA05461B
:10494000FFF7C4FF012C06D1FFF7DEFF00280CBFE4
:10495000002505F001052C46EDE700008318B3F5AE
:10496000805F10B50C4606D804490144204606F085
:10497000FAF8012010BD0020FCE700BF0011002064
:10498000F8B506460F4615460024AC4201D1012079
:10499000F8BD07EB440106EB440000F097FA00284D
:1049A000F6D00134F1E7F8B506460F461546002467
:1049B000AC4201D10120F8BD37F8141006EB4400D9
:1049C00000F004FA0028F6D00134F1E700000000FE
:1049D00037B500F0D1F940B3FFF788FF4FF400621C
:1049E000054615490020FFF7DEFFE0B110A3D3E92B
:1049F00000234FF48051104801F084FA0422CDE9DD
:104A0000000169464FF48050FFF7CDFF4000C4B26B
:104A1000012D01D1FFF778FF41F20802074B1A6020
:104A2000204603B030BD0446F2E70446F8E700BF75
:104A300025232284E49CF2CB0011002000210020D9
:104A4000044B1B68B3F5005F01D3FFF7C1BF012022
:104A5000704700BF0021002010B5074C01462068B8
:104A600000F0B4F930B1236802332360BDE8104090
:104A7000FFF7E6BF10BD00BF002100208318B3F58B
:104A8000805F2DE9F74F83468846154620D8534C62
:104A900004442146404606F040F8002800F09C807F
:104AA0002A464146204606F05EF8FFF71FFF814682
:104AB00060B10026002785B9FFF7C2FF0446B9F1AF
:104AC000010F06D1FFF720FF10B102E0FFF71CFF36
:104AD0000024204603B0BDE8F08F012D28D01BF044
:104AE000010F25D1BBF5804F37D298F8003098F8E8
:104AF000012043EA0223012B1AD8002B0CBF6FF0D0
:104B00007F036FF05F03002043EA5B2363F307003A
:104B10004FEA5B0363F30F2080B2FFF79DFF01288C
:104B20000446CCD1023D0BF1020B08F10208C2E7AA
:104B3000BBF13F0F11D898F800004BF04003DBB2F7
:104B400043EA0020FFF788FF01280446B7D1013D62
:104B50000BF1010B08F10108ADE7052DAA4628BFAE
:104B60004FF0050ACBF3024343EACA03CDE90067DD
:104B7000524641468DF800300DF103004FEA1B23E9
:104B80008DF801308DF802B005F0EDFFBDF80000A2
:104B9000FFF762FF0128044691D1BDF80200FFF73C
:104BA0005BFF012804468AD1012D10D0BDF8040016
:104BB000FFF752FF0128044681D1032D07D9BDF824
:104BC0000600FFF749FF012804467FF478AFA5EB04
:104BD0000A05D344D0446EE701247AE7001100208F
:104BE0002DE9FF47FFF772FE00F018F930B9FFF723
:104BF0006DFE0024204604B0BDE8F0874FF400624B
:104C000000205549FFF7BCFE534E00283BD050A36F
:104C1000D3E900234FF48051304601F073F9054683
:104C20000C4604224FF4805002A9FFF7A9FEDDE9EB
:104C300002239C4208BF954201D0FFF747FE41F294
:104C40000804002720460DF1060100F03FF9002876
:104C50005FD0BDF80630002B5AD0C3F38111012973
:104C600004F10205ADF80830DAB259D002295DD05E
:104C700061B13A4B1D60FFF7ABFE04460028B9D185
:104C8000FFF724FEB6E7FFF721FEB0E728460DF157
:104C90000A0100F01BF90028EBD09DF809309DF8BF
:104CA0000A109DF8082043EA01234FEA02485BBA44
:104CB0009BB208F4E02848EA0308C2F3C20908EBF3
:104CC0000903B3F5805F04F104054FEAD20AD0D896
:104CD00012F0300F06D0284603A900F0F7F800289C
:104CE000C7D0A51D1AF0040F07D028460DF10E01FC
:104CF00000F0ECF80028BCD002354A460DF10B015B
:104D000006EB080005F02FFFB5F5005F2C4699D3A0
:104D10000120124B1C600028ADD0FFF791FEACE7DC
:104D200002F03F02C3F30723B354EDE7510201F44D
:104D300078511B0A41EA4303591CB1F5805F98D2B0
:104D4000C2F34012F2547754DEE700BFAFF30080A5
:104D500025232284E49CF2CB0011002000210020B6
:104D6000002108B5034804F0ADFEB0FA80F0400918
:104D700008BD00BFE83000202DE9F84300250126DA
:104D8000DFF83C800F4FDFF84090D8F80030AB429E
:104D900002D83046BDE8F8833868D9F800100368B7
:104DA00029445B6998470446386804F031FE04439F
:104DB000E4B2012C8CBF002606F001060135E4E7C1
:104DC000080C00200C2100200C0C002013B50C4A0C
:104DD0000B46ADF8061011680A4A0144127812B168
:104DE000DB43ADF80630084B022218680368DC6824
:104DF0000DF10603A047B0FA80F0400902B010BDE3
:104E0000100C00200A2100200C21002008B50248C7
:104E100004F066FE012008BDE83000202DE9F843CB
:104E2000214B224E3360FFF7F1FF306803685B6867
:104E300098471F4B0446D3F8E0271E4B03EA82280D
:104E400003781D4A03F001031370836813B91B48EC
:104E500004F0A8F900252F46A468DFF86490AC425E
:104E60001BD9611E491B3068C9F8001004F0EEFD23
:104E70004045D9F8001014D2306804F0F4FD07441E
:104E8000B7F5005F0CD3D9F800100E4B641A3068E8
:104E90001C6004F0DBFD0C4B18600120BDE8F883BA
:104EA00021460C460135DAE7E83000200C210020CD
:104EB00000F0FF1F00FCFF030A210020C0AC000827
:104EC0000C0C0020080C0020100C00200D4B70B5BD
:104ED0000C4619680C4B0144186804F0D1FD0023FE
:104EE00006880120094D0A4928700B702B70094A69
:104EF0000D7812781DB118460B70238070BD534297
:104F00007340FAE7100C00200C210020092100203A
:104F1000082100200A2100204B7910B504460BB966
:104F2000012010BDFEF720FEA4F5F043203B00F069
:104F300022000A2BF4D8DFE803F0060A0E13171C30
:104F40002025292E320000F069FB0020E9E720B17E
:104F500000F054FBF9E70028FAD000F03BFBF4E73F
:104F600020B100F0F9F9F0E70028FAD000F0E2F9FA
:104F7000EBE720B100F018FAE7E70028FAD000F0DC
:104F8000FFF9E2E720B100F037FADEE70028FAD0B7
:104F900000F01EFAD9E720B100F0E4F8D5E70028C8
:104FA000FAD000F0CFF8D0E730B510F47F4F85B0DD
:104FB0000190C0F30725C0F307420FD109B1284B78
:104FC0009A5C144613460020E4B264F30700DBB297
:104FD00063F30F2062F3174005B030BD9DF8044025
:104FE00009B11F4B9A5C0620FF236043591BB0FB9D
:104FF000F3F06FF05403434303EB440303EB430329
:10500000DBB203FB05F4C3F1FF036B4324121B1255
:10501000C4F1FF04C3F1FF03514354435343091246
:1050200024121B12062816D8DFE800F00406090C2B
:105030001015040014461A4613460A46C3E70C46E8
:105040001946F9E723460C461146F4E710461C467C
:105050000A460146F0E7234614460A46F0E700BF39
:1050600058AE0008012184B004B0FFF79DBF70471F
:1050700084B004B0FFF7F6BF30B4064C24781C1B94
:10508000054BD3F804C013460A460146E0B230BCD3
:10509000604700BF140C002048AE000813B51C4642
:1050A0008DF801108DF802208DF800000098FFF7B0
:1050B000DFFF2346C0F30742C0F30721C0B202B0AE
:1050C000BDE81040FFF7D8BF064A1378032B04D879
:1050D000012161F38703137070472F2BFCD90B213B
:1050E000F7E700BF002F002008B5FFF7EDFFBDE890
:1050F00008400148FEF7F1BE002F0020034A044B90
:105100001046136000231371FEF7E7BE002F002046
:105110000500FF80034B1B7813F0010018BF9808AF
:10512000704700BF002F0020054A1379022B9CBF57
:105130000133137110B10248FEF7CFBE704700BFB4
:10514000002F00200120FFF7EFBF0000044A137971
:105150000BB1013B137110B10148FEF7BEBE7047A1
:10516000002F00200120FFF7F1BF0000014B18794C
:10517000704700BF002F0020014B1871704700BF1F
:10518000002F0020014B5878704700BF002F0020EF
:10519000014B9878704700BF002F0020014BD87852
:1051A000704700BF002F00200E4BF7B51B78DB07C0
:1051B00006D50D4BDB68019303B0BDE8F0401847FE
:1051C0000A4D094FAC78EB78A342F2D90023287836
:1051D0001A46201A19467E68C0B20134B047E4B2BC
:1051E000F1E700BF002F002048AE0008140C00209B
:1051F0000F4B2DE9F0471B788046DB078946924626
:1052000014D50C4D0C4FAC78EB78A34203D8BDE815
:10521000F047FFF7C9BF28785346201A4A4641464F
:105220007E68C0B20134B047E4B2EDE7BDE8F08774
:10523000002F0020140C002048AE00080C4B07B5CE
:105240001B78DB0712D58DF805108DF806208DF838
:1052500004000198FFF70CFFC0F30742C0F30721D9
:10526000C0B203B05DF804EBFFF7C2BF03B000BDEE
:10527000002F002010B50446054B027905495878E7
:105280008A5C9978FFF7DAFF23790133237110BD27
:10529000002F00203BAD00082DE9F3411B4C1546C3
:1052A00022789846D30706460F462CD5184993080E
:1052B000C95C02F0FC02174B042A19701BD18DF84F
:1052C00004008DF805708DF806500198FFF7D0FEA8
:1052D000C0F30742C0F30721C0B2FFF789FF667031
:1052E000A770E570B8F1000F0DD0084802B0BDE816
:1052F000F041FEF7F2BD022901D1E578EFE706297A
:1053000008BF6678EBE702B0BDE8F081002F00200F
:105310003BAE000817210020054910B44C78034625
:105320002034CA78E0B2897810BCFFF7B5BF00BF5F
:10533000002F00200120FFF7EFBF0000054910B447
:105340004C780346203CCA78E0B2897810BCFFF75D
:10535000A3BF00BF002F00200120FFF7EFBF000018
:1053600010B4064C0346A178E2781131FF2928BF1A
:10537000FF216078C9B210BCFFF78EBF002F00205C
:105380000120FFF7EDBF000010B4064C0346A178E2
:10539000E278113921EAE1716078C9B210BCFFF7F7
:1053A0007BBF00BF002F00200120FFF7EDBF0000F2
:1053B00010B4064C0346E278A1781A32FF2A28BFBF
:1053C000FF226078D2B210BCFFF766BF002F00202A
:1053D0000120FFF7EDBF000010B4064C0346E27851
:1053E000A1781A3A22EAE2726078D2B210BCFFF7D2
:1053F00053BF00BF002F00200120FFF7EDBF0023A7
:10540000FFF74ABF38B50A4C2478E4070FD5072BBD
:105410000DD8084C084D24781C1B13460A4601463B
:10542000E0B26C68A047BDE83840FFF7BDBE38BDAC
:10543000002F0020140C002048AE000813B51C46B5
:105440000C4B1B78DB0713D58DF805108DF8062063
:105450008DF804000198FFF70BFE2346C0F30742C6
:10546000C0F30721C0B202B0BDE81040FFF7CABFC9
:1054700002B010BD002F00202DE9F04104460025A8
:105480004FF0FF080F4E104F3279EBB29A420BD813
:10549000FFF78AFEA2782379D2074CBF013303F1CC
:1054A000FF332371BDE8F081B8FBF2F22079B178C7
:1054B00002FB03000B44FA78B978C0B2FFF7EEFDA7
:1054C0000135E1E7140C0020002F0020074808B543
:1054D000037823F001030370FEF7FFFC0022044B66
:1054E0005A70BDE80840FFF75FBE00BF002F0020E4
:1054F00017210020044A137823F0010313700022BF
:10550000024B5A70FFF750BE002F002017210020D9
:1055100008B5084B012219780748C1F3850105F049
:1055200014FB10B90122054B5A7002F09DFF044B89
:10553000188008BD002F0020190C00201721002022
:105540001021002010B5174C2378DB0728D500B3B5
:105550000B2820D800F03F00237860F387032370E6
:1055600011B11048FEF7B9FC217801220E48C1F3B1
:10557000850105F0EAFA80B100220C4B5A70012235
:105580000B4BA1786078DA70E278BDE81040FFF745
:1055900036BF0120E0E70B20DEE7FFF7B9FFEEE7BB
:1055A00010BD00BF002F0020190C00201721002083
:1055B00010210020064B01461B78C3F385030133FD
:1055C000DBB20C2B34BF18460120FFF7BBBF00BF76
:1055D000002F00200120FFF7EDBF0000064B014621
:1055E0001B78C3F38503013B13F0FF0314BF184678
:1055F0000B20FFF7A7BF00BF002F00200120FFF7FF
:10560000EDBF0121FFF79EBF034B187840F001006A
:1056100018708008FFF7F5BF002F0020034B1B78A0
:10562000DB0701D5FFF752BFFFF7EEBF002F0020C9
:105630000021FFF787BF000038B5104D2B78DBB98C
:105640000F4C2046FEF747FC2378032B04D8FFF7C6
:1056500055FD2046FEF73FFCFFF736FD0022094BC3
:105660005A70094B1B6898472078C30702D58008F9
:10567000FFF7DEFF01232B7038BD00BF162100208D
:10568000002F00201721002048AE0008034B187897
:1056900040F0010018708008FFF7CABF002F0020FB
:1056A0001C4B2DE9F0415A78002A31D01A781A4B58
:1056B0001A4C1B78022AC3F38503A3EB0203DBB267
:1056C000A3701AD1164A174DD65CE3782BB1002788
:1056D000E77002F0C9FEA780208002F0C5FE47F601
:1056E000FE722388C01A80B2904211D833442380BE
:1056F0000A482B46BDE8F0411847062A05BF0A4A6A
:105700005B084FF4FA66D65C0CBF084D084DDCE729
:10571000BDE8F08117210020002F0020102100207B
:1057200037AD00087552000834AD00087954000800
:105730006F5000087047FFF7B3BF02F013BD0000C1
:10574000002210B5064B074C074808499A61013200
:10575000202A9C60D860196103F11C03F6D110BDAA
:10576000A0260020515D0008BD5C0008395C0008DF
:105770005B0742EA01020BD500F00F0343EA101069
:1057800001F00F0343EA111102F00F0343EA121272
:10579000814304D190430CBF0120002070470020BA
:1057A000704700007FB54FF4A0720021114805F04A
:1057B000C4F94FF4C07200210F4805F0BEF900246F
:1057C0000C4E0D4D2E6001A9E0B201F06FF838B912
:1057D0000822304601A905F0C6F9BDF80C30AB80AF
:1057E0000134202C06F10A0605F10C05EAD104B0BB
:1057F00070BD00BF082F002020250020B0F5F84F15
:1058000004D1034B1B68002B08BF0020704700BF6A
:105810001C0C0020B0F5005F02D2FF2809D87047A9
:10582000A0F500539BB2C2B2B3F5405F38BF10463B
:105830007047C0F307231A0113F0100FD2B218BF3C
:1058400013460A78C0B213430B70704737B5002572
:10585000124C6946E8B201F031F80146B0B90822AD
:10586000204605F06AF9211DBDF80000FFF7D2FFC0
:10587000214621F8050BBDF80200FFF7CBFF9DF88C
:1058800004306080A3719DF80530E3710135202D4F
:1058900004F10804DDD103B030BD00BF1A2100209F
:1058A0007FB50025274C284E01A9E8B201F002F887
:1058B000014600283FD1102204F1080005F03DF90F
:1058C000BDF804309DF90D2023809DF80A30002A90
:1058D000A370BDF80830A8BF6661E3709DF80B3077
:1058E00023719DF80C306371BDF80630E3809DF89C
:1058F0000D30D90744BF012222729A0742BF227A93
:1059000042F002022272580742BF227A42F0040299
:105910002272190742BF227A42F008022272DA0686
:1059200042BF227A42F0100222729B0642BF237AC3
:1059300043F0200323720135202D04F11804B3D164
:1059400004B070BD1C2200201C25002008B5FFF704
:10595000F7FEFFF727FFFFF7A3FFBDE80840FFF7BB
:1059600075BF000030B52029044685B025D14378A5
:105970000D2B22D8DFE803F0071A2321213B4752E1
:10598000215C212121630822844901A805F0EBF85C
:105990001F220021601C05F0D0F8204606230822B3
:1059A00000F8043B01A905F0DEF806E010230370BF
:1059B0000123437000238370C37005B030BD83782A
:1059C000C27843EA02235B01B3F5887FF5D203F185
:1059D0002002B2F5887F94BFC3EB0202C3F5887240
:1059E0006F49194405B0BDE8304005F0BCB81F222E
:1059F000FF21013005F0A1F86A4B1B6823706A4B48
:105A00001B686370D9E70122674B1A603222674B2B
:105A10001A6005B0BDE8304002F026BD614B1B683E
:105A20000370614B1B684370604B1B688370C4E755
:105A30002022FF2105B0BDE8304005F07EB8837814
:105A4000082BBAD8DFE803F00512214751656F83B0
:105A50008F001F220021013005F06FF820232370F2
:105A60006370A370E3700323E377A6E70023019339
:105A70000293ADF80C30C07801A900F013FF0A22A0
:105A800004F8010B204601A98DE7C5780A22011D03
:105A900001A805F068F8BDF80400FFF7AFFEADF807
:105AA0000400BDF80600FFF7A9FEADF80600BDF83A
:105AB0000800FFF7A3FEADF80800BDF80A00FFF7E5
:105AC0009DFE01A9ADF80A00284600F0EDFE207009
:105AD000FFF736FE71E7002301930293ADF80C3017
:105AE00001A9C07800F0E2FEC9E7C5780A22011DCD
:105AF00001A805F038F8BDF80C00FFF77FFE01A9FA
:105B0000ADF80C00284600F0D3FE2070FFF74AFEE7
:105B100053E7002301930293ADF80C3001A9C0783C
:105B200000F0C8FEABE7C5780A22011D01A805F008
:105B30001AF8BDF80600FFF761FE01A9ADF80600EE
:105B4000284600F0B9FE2070FFF7AAFE35E70023D3
:105B50000193ADF80830C07801A900F0AFFE06222D
:105B600004F8010B8EE7C5780622011D01A804F098
:105B7000FAFFBDF80400FFF741FEADF80400BDF8E0
:105B80000600FFF73BFE01A9ADF80600284600F02D
:105B900097FE2070FFF75AFE0FE700BF1EAD00080A
:105BA00058AF00081C0C0020502A00204C2A00206E
:105BB0000F4BB0F5005F07B5188004D203B05DF855
:105BC00004EBFCF781BE4FF2F003ADF8003002F0B9
:105BD0004BFC40F2011340F00100ADF80200ADF8BB
:105BE0000430DDE9000103B05DF804EBFDF742B8D5
:105BF000483000200F4BB0F5005F07B5188004D285
:105C000003B05DF804EBFCF775BE4FF2F003ADF89E
:105C1000003002F029FC012340F00100ADF8020041
:105C2000ADF80430DDE9000103B05DF804EBFDF7E9
:105C300021B800BF4830002070B5CCB206461749E5
:105C4000204600F02FFE054638BB012003F04BFC38
:105C5000134AB570135D1555013B042B1DD8DFE8C1
:105C600003F018030A0D18000C4B588890B1BDE8DA
:105C70007040FFF7BFBF094B9888F7E7074BD888FC
:105C80000028F4D11A8858882AB10028EFD110468C
:105C9000EDE7024B18880028E9D170BD202A0020CA
:105CA0002A2A002010B50446FFF782FF012003F0E6
:105CB0001AFC2046BDE81040FFF79CBF70B5224C8F
:105CC000CDB206462146284600F0ECFD002835D12D
:105CD000B2781E4B012A0BD1727956072FD4D00708
:105CE0002DD5022260885A5568B9208830B30AE061
:105CF000022A21D17279510717D4D20707D403227F
:105D0000A0885A5598B1BDE87040FFF751BF0422F2
:105D1000E0885A550028F6D1208898B1FFF7C2FFD5
:105D200060880028EFD12088EDE705225A552088A9
:105D300020B1FFF7B7FFF6E706225A5570BD0122E2
:105D40005A55D2E76088D1E7202A00202A2A00206D
:105D500038B50C4C0546C8B2214600F0A3FD80B909
:105D6000248874B1AB78032B0AD12046FFF79AFF41
:105D70002046FFF797FF2046BDE83840FFF792BF67
:105D8000F9D838BD202A00201FB5A0F5AE43FF2B5F
:105D900002D9C82005B000BD01A9C0B200F082FD43
:105DA0000028F6D1BDF80C00F4E720207047000071
:105DB0001F289DBF1C22024B02FB003000207047B1
:105DC000A026002038B54B79D3B9A0F5AE4084B2F7
:105DD000FF2C15D8134DE0B2294600F063FD78B9C9
:105DE0001C23114803FB04039B78012B0AD12B8849
:105DF00033B16B8823B1AB88EA8813439BB233B1CC
:105E0000012038BD022BFBD1AB88002BF8D01C231E
:105E100003FB0400437923F00103437101F0C6FE44
:105E2000EEE700BF202A0020A02600202020704797
:105E30001F289DBF1822024B02FB00300020704734
:105E40001C2200202DE9F3478DF807100DF1070102
:105E5000FFF7E0FC4FF0FF3780460125284C04F5A2
:105E60008079E679300743D52388434514D194F8E7
:105E700004A033465146A2799DF80700FFF778FC4D
:105E800050B15046FCF7ADFE40B2B842C1BF074624
:105E90006379658845EA03256388434516D1B107D0
:105EA00014D594F805A033465146A2799DF8070011
:105EB000FFF75EFC50B15046FCF793FE40B28742BC
:105EC000BFBF07462379258845EA0325F2070FD58A
:105ED0007B1C0DD1012D0BD133460021A2799DF8F9
:105EE0000700FFF745FC18B16379658845EA03258B
:105EF00008344C45B5D1284602B0BDE8F08700BF54
:105F00001A2100202DE9F0414FF0120C46180546E9
:105F1000194610460027B54201D3BDE8F08115F8B7
:105F2000013B83EA0002A2FB0C830CFB0133480116
:105F3000540114EB080440EAD26043EB00034FEA3B
:105F4000C218A4184FEAC11041EB03034FEA022E16
:105F500040EA526014EB08044FEA012143EB0003CE
:105F600041EA126114EB0E0443EB01030EEB030153
:105F70003819D0E730B5072301254021194A05FA21
:105F800003F40442116117D0052400BF00BF00BF15
:105F900000BF00BF00BF013CF7D10224516100BF28
:105FA00000BF00BF00BF00BF00BF012C02D1013BFA
:105FB000E5D230BD0124F2E7022400BF00BF00BFDC
:105FC00000BF00BF00BF012C0AD10524516100BFF2
:105FD00000BF00BF00BF00BF00BF013CF7D1E6E734
:105FE0000124EAE70008014006224021014804F0AC
:105FF00067BA00BF0008014030B5044D00EB400017
:106000002C1861702A54A37030BD00BF4A300020A4
:1060100070B5134605460E460024204632462946F2
:106020000134FFF7E9FF082CF7D170BD38B53023F4
:1060300083F3118800250E4C2078FFF79BFF6078D2
:10604000FFF798FF0135A078FFF794FF082D04F1C2
:106050000304F1D14FF4A86300BF00BF00BF00BF2D
:1060600000BF00BF013BF7D183F3118838BD00BFEB
:106070004A300020FDF71ABF08B50120FEF7B0FA3C
:1060800000F0010008BD08B5FEF712FB40F6B8307D
:1060900003F029FAFEF70CFBFFF7EEFF28B1FFF73C
:1060A000E9FFBDE8084002F0F7B908BD08B5FFF701
:1060B000EAFF08BD2D2808B517D00DD8272806D827
:1060C0001D2815D8043819280FD9002003E0A0F1A5
:1060D0002A035842584108BD40F22D234C2818BFCE
:1060E00098420CBF01200020F5E70220FDF75EFD7D
:1060F0000120F0E7F8B547F67343984204460D4691
:1061000005D14B790BB100F003F90020F8BD45F241
:10611000A223984223D00AD8A0F50053B3F5005F1C
:1061200014D3E12801D0E52805D1234618E045F233
:10613000B223984223D0FDF717FD0646FDF76AFD0E
:10614000074600F0A5F860BB0120DFE78B790F2B35
:10615000F1D8C0F30423022B01D0122BEAE7E1238C
:10616000012703F005039F4000F092F8414AFEB278
:10617000137850B1697921B11E431670C5E7E52344
:10618000EEE723EA07031370BFE71E42D3D023EAEA
:10619000070330461370FDF7F5FC6B79002BB4D084
:1061A000C9E700F069F86B79002BCDD03E4316F0BB
:1061B0009D0F50D1B4F5A04F0ED2B4F5804F51D2FF
:1061C000E62CC1D0A4F50053B3F5005F18D2AB792B
:1061D0000F2B39D9E4B213E045F2DF239C4227D8D4
:1061E00045F2BF239C42AFD845F29F239C421AD868
:1061F00045F25F239C42A7D8A4F5A4433F2BA3D923
:10620000FDF7EAFC2046FFF755FF20B3194B1B783A
:1062100033B1FDF7C5FC80F00200C0B2FDF7D6FC3B
:10622000FDF7A2FD90E745F2B4239C428CD0E7E74E
:1062300047F678439C4204D847F676439C4283D87D
:10624000DEE747F67B43F0E7C4F30424142C3FF465
:106250007BAF162C0AD000F035F8064B1878FDF706
:1062600089FC71E7AB790F2BB4D86DE741F2E624D6
:10627000C6E700BF542A002008B502F0F5F8034B2A
:1062800000F59C500830188008BD00BF562A002039
:10629000014B1878704700BF582A00207047000053
:1062A00010B5074C23784BB9FDF774FCFDF70CFDD6
:1062B000FFF7E2FF01202070FFF7F0FF10BD00BFE5
:1062C000582A002010B5054C237833B12220FCF762
:1062D000E0FF00202070FFF7E1FF10BD582A0020EA
:1062E00008B5094B1B786BB102F0BEF8074B1B8851
:1062F000C01A47F6FE7380B2984203D8BDE8084042
:10630000FFF7E0BF08BD00BF582A0020562A002032
:10631000034B1B780BB1FFF7D5BFFFF7C1BF00BF21
:10632000582A0020704700002DE9F8431C4E3378AE
:1063300053B14FF00E081B4D1B4F2C783378A342FE
:1063400004D8002333702B70BDE8F88308FB04F2F7
:10635000D319197904F1010985F8009079B11989E7
:1063600081B94FF6FF71588988420BD00121FFF7A0
:10637000D9FF002308FB04742371FDF72DFC5FFA9D
:1063800089F4DBE7B85AB3F802C09A88D98840EAA2
:106390000C4042EA01411A89FDF73CFBE9E700BFE6
:1063A000D42A0020592A0020642A002070470000C7
:1063B0000023064A1380064AD17909B991711172F6
:1063C0000133202B02F10C02F6D17047D62A0020AF
:1063D0002025002070B50F4C0F4B21781A780B4602
:1063E0000E4D9A4210D035F8136086420DD10C251F
:1063F0000B4A8B4205FB00224FF00100907103D144
:10640000034403F00303237070BD013303F003035F
:10641000E7E700BF622A0020632A00205A2A0020F2
:10642000202500208B792DE9F74F002B41D1224DFB
:106430001F46A8464FF6FF794FF0010C1F4A92F80D
:1064400000B0DAB293452BD94FF0000E4FF6FF742F
:106450000A68B5F80CA00192019E5FFA8EF236F838
:1064600012602EB1B24508BF94B20EF1010EF3E7EF
:106470004C451BD00CFA04F43C430CFA02F2E7B290
:10648000013ABA4211D10E2253438C8808EB030221
:1064900014810424147128F80360508181F807C026
:1064A00003B0BDE8F04FFFF795BF2E7101330E35F5
:1064B000C7E703B0BDE8F08F642A0020D42A00208B
:1064C000F8B50C4B0C4D1C780C4E0D4F2B78A3429D
:1064D00005D1FFF729FFBDE8F840FFF769BF0C21A0
:1064E00036F81400013401FB0071FFF79BFF04F044
:1064F0000304EBE7622A0020632A00205A2A0020C6
:10650000202500200022F0B513461446D0F800E004
:10651000D5B23EF815607EB10025D1F800C004E088
:10652000BE4208BF44F001040135EBB23CF81370E1
:10653000002FF5D10132EBE724B1AB4228BF014671
:106540000846F0BD2146FBE70F4B70B51B789BB1A9
:106550000E4C208880B101F009FF0D4E3388834234
:106560000AD20C4B00251A780B4B1B789A4204D0A8
:10657000FFF7A6FF3580258070BDFFF7D5FE25808B
:10658000BDE87040FFF714BF200C0020D82A00207F
:10659000D62A0020622A0020632A002008B50023A2
:1065A000064A1380064A1370064B1A78064B1A7077
:1065B000FFF7FEFEBDE80840FFF7B6BED82A002070
:1065C000200C0020632A0020622A0020034B1A7846
:1065D0000AB1FFF7E3BF01221A707047200C0020B8
:1065E00047F650432DE9F04F984205460F4689B0D3
:1065F00008D14B79C3B10122974B1A70012009B021
:10660000BDE8F08F47F65143984204D14B795BB116
:10661000FFF7C4FFF2E747F65243984204D14B79A3
:1066200013B1FFF7D3FFE9E78C4B18788C4B1B783D
:106630001843C0B2FCF7DDFA0446FFF7B7FE844208
:1066400003D03988FDF732FE05464FF00008464674
:10665000844CDFF814A200234FF6FF792068D9B2EA
:1066600030F811202AB1954208BF1FFA81F9013391
:10667000F5E74FF6FF73994534D094F806C01FFA3A
:1066800088FBBCF1000F01D1734B1A78E379207AB3
:1066900001937B79002B00F09180002A00F08E801E
:1066A000019B53B9012303FA09F3034323726F4B90
:1066B000188831289CBF322018804FF00109237AB6
:1066C00009FA01F1013999420CD1694B1888002867
:1066D00038D0019201F04AFE3228019A32D94A4656
:1066E00084F8069008F101083243B8F1200FD6B2C1
:1066F00004F10C04AFD17B79002B00F09B80002EBD
:1067000000F0988001F0B0FE594B1880594B1C786E
:10671000072C12D8621C1A7039460A2205A804F008
:1067200022FA0E22544B05A902FB04300A2204F07F
:106730001AFA4FF6FF728581428186F0010000F05F
:1067400001005CE700204D4B9AF800901B78019304
:10675000019B99450CD1A042C4D0494B23F819B0F4
:10676000464B09F1010909F0030983F80090B9E7E4
:106770000C21434B039233F819303A4A01FB0323AF
:10678000214618460293FFF7BDFE039A88B14FF0E9
:106790000103A0428371A5D09AF80010029B89459D
:1067A00007D1834202BF09F1010303F003038AF812
:1067B000003009F1010909F00309C9E7019BA3B9F8
:1067C00001238B40013B834208D000220121237A20
:1067D00001FA09F123EA0103237283E7BCF1000FF8
:1067E000F4D05846FFF7F6FDEFE7411E40FA09F2F4
:1067F000084002F001021BD1D2B1A188A1B10590DD
:10680000069001F031FE04228DF81820A288ADF820
:106810001600ADF81C2005AB93E80700FDF7FAF869
:106820000022E271019AD1E75846FFF77BFDF7E7B6
:10683000D2B2CBE70C4B1A78104B1B789A4202D09D
:10684000FFF73EFE79E7FFF76FFD0022084B1A8045
:10685000FFF7AEFD71E700BF200C00206B10002099
:106860006C10002020250020622A0020D62A00205B
:10687000D82A0020D42A0020642A0020632A00207D
:106880005A2A002007B501210DF1070200F0A0F9F6
:106890009DF8070003B000BD0420704700F02CB93C
:1068A00000F045B900F0E7B900F0F5B900F003BA1F
:1068B00000F012BA00F021BA00F030BA00F03FBA8E
:1068C00000F04EBA01232DE9F04F314D85B02E680E
:1068D00000242B6000F00EF94FF000085FFA84F9F5
:1068E00013E0FAB251464846FBF79EFFFAB2034660
:1068F00051464846013700F01AF9082FF1D108F146
:106900000103022B4FF0010803D000275FFA88FA39
:10691000E7E70134042CDFD10024C823019402945A
:10692000ADF80C30E0B201A90134FFF7BDFF202C17
:10693000F8D1002401940294ADF80C40E0B201A912
:106940000134FFF7B5FF202CF8D100244FF6FF7378
:106950000294ADF80830072301948DF80C408DF8AF
:106960000D30E0B201A90134FFF7A6FF202CF8D1C9
:1069700000240194ADF80840E0B201A90134FFF70A
:106980009FFF202CF8D12E6005B0BDE8F08F00BF2E
:106990001C0C002000F0E5B800F0F8B8032810B493
:1069A00006D8012904D8072A02D810BC00F0A4B8E0
:1069B000002010BC70471020704708B500F005F9A2
:1069C00080B208BD00F004B900F01FB908B500F0AE
:1069D00092F8BDE8084000F032B90F28F7B5054637
:1069E00000F2868000F0F1F80138FFF74BFF044613
:1069F00000287DD100F0E9F80646CDB92046019582
:106A0000FFF740FF8DF80400002871D0012804F141
:106A1000010668D13046FFF735FFA71C8DF8050049
:106A2000072811D8DFE800F064131313491F1F1F54
:106A3000A6425DD02046FFF725FF08B10134F7E7F5
:106A4000013DEDB20134D8E73E463446D6E738463C
:106A5000FFF718FFE61C8DF806000028F5D001A806
:106A600000F0D8FFF1E73846FFF70CFFE61C8DF881
:106A700006000028E9D03046FFF704FF04348DF803
:106A8000070008B92646E0E7BDF8060003029BB2FE
:106A9000B0F57F4F88BF18469DF80530062B06D00D
:106AA000072B07D0052BEDD1FFF7FCF8EAE7FFF73E
:106AB0007FF8E7E7FFF79EF8E4E73846FFF7E2FEE6
:106AC0000746E01CFFF7DEFE97B188B1261D441E85
:106AD000C4EB0424013F3C44002CB6D06420013CAC
:106AE00002F001FDF8E7002101A800F087FFACE704
:106AF00003B0F0BD70477047032838B515D8012999
:106B000013D8072A11D8520002EB011202EB4014ED
:106B100004F12900FDF740FE054604F12A00FDF7C7
:106B20003BFE40EA052080B238BD0020FCE7032888
:106B300038B51D4614D8012912D8072A10D852009A
:106B400002EB011202EB4014190A04F12900FDF7CF
:106B500085FEE9B204F12A00BDE83840FDF77EBEAB
:106B600038BD70B5144600F129055618B44200D15D
:106B700070BDA5F129037F2B06D82846FDF70CFE32
:106B800004F8010B0135F1E70020F9E77F282DE932
:106B9000F04106460F4614460BD8C0F180038B42E5
:106BA00007D300F129084546A5EB08039BB2BB4279
:106BB00001D3BDE8F08133447F2B03D828462178E8
:106BC000FDF74CFE01340135EEE740F6D720704763
:106BD0002DE9F84300F2295806460F46154644466B
:106BE00040F6D629A4EB08039BB2BB4201D3BDE813
:106BF000F88333444B4506D82046FDF7CDFD05F814
:106C0000010B0134EEE70020F9E72DE9F84300F22B
:106C1000295680460F461446354640F6D629AB1B0A
:106C20009BB2BB4201D3BDE8F88343444B4503D834
:106C300028462178FDF712FE01340135EFE7F0B563
:106C400085B010220021684603F077FFAE2440F69D
:106C5000D72540F22957102D2E4628BF1026394639
:106C600032466846FDF7E0FD013C3744A5EB0605DA
:106C7000F1D105B0F0BD1F2808B50B4608D80A228F
:106C800002FB00F11846A931FDF716FE002008BDF1
:106C90004FF0FF30FBE71F2808B50B4608D80A2243
:106CA00002FB00F11846A931FDF70BFE002008BDDC
:106CB0004FF0FF30FBE71F2808B50B4609D80A2222
:106CC00002FB00F1184601F2E911FDF7F5FD002085
:106CD00008BD4FF0FF30FBE71F2808B50B4609D869
:106CE0000A2202FB00F1184601F2E911FDF7E9FD65
:106CF000002008BD4FF0FF30FBE71F2808B50B460A
:106D000009D80A2202FB00F1184601F22931FDF7E9
:106D1000D3FD002008BD4FF0FF30FBE71F2808B56A
:106D20000B4609D80A2202FB00F1184601F229316C
:106D3000FDF7C7FD002008BD4FF0FF30FBE71F281F
:106D400008B50B4609D8062202FB00F1184601F2ED
:106D50006941FDF7B1FD002008BD4FF0FF30FBE7B2
:106D60001F2808B50B4609D8062202FB00F1184679
:106D700001F26941FDF7A5FD002008BD4FF0FF308D
:106D8000FBE7000047F61643984210B50C461BD1AE
:106D9000FCF7EAFE62790D4B72B100F0AA00002800
:106DA00013BF01220022292035201A7001F02AFA8F
:106DB000FCF7DAFF002010BD1B7893420CBF29209E
:106DC000352001F027FAF3E70120F4E7DA2A002062
:106DD00038B50B4C0546206801F0CFFAB0F5FA7FC4
:106DE00009D24FF4FA732068064A1060064A13600D
:106DF000064B1D8038BD01F001FB3223F4E700BFD4
:106E0000E82A0020E42A0020E02A0020DC2A0020D2
:106E10000379194215D18378ABB1027A1940120770
:106E200003D5081E18BF0120704703F00F0001F0C2
:106E30000F0240EA131042EA1113C31A5842584194
:106E40007047002070470120704700002DE9F04195
:106E50001F4C07462368002B32D04FF000081D4B13
:106E6000A3F80080FCF7D0FEFCF7C2FE23689D79F2
:106E7000DA68B5EB080618BF01261AB14046196951
:106E80009047064036B12B1FDBB2A02B1AD82846FC
:106E900001F0C0F9104D77B123681A7AD2060AD4EE
:106EA0002A7842B147F63E621888431E9BB293424D
:106EB00001D8FFF78DFFFCF757FF002323602B70ED
:106EC000BDE8F081FCF750FF2846FBF74BFFE1E7F8
:106ED000F02A0020DC2A0020EE2A00200020024BAD
:106EE0001870FFF7B3BF00BF210C0020034B1A78C6
:106EF0000AB1FFF7F3BF01221A707047210C00207E
:106F000070B5094C238873B1084E094D306801F003
:106F100034FA2B68984206D32088FBF7D5FC00236F
:106F2000238033602B6070BDDC2A0020E42A00201F
:106F3000E02A00202DE9F74F91F805B006460C46EF
:106F4000BBF1000F16D047F65E4290420BD047F6D9
:106F50005F4290420BD047F65D4290420AD1FFF764
:106F6000C5FF00200AE001228E4B1A70F9E7FFF7F7
:106F7000B5FFF6E78B4A12781AB9012003B0BDE8D5
:106F8000F08FFCF7F1FD8046FCF7A8FD40EA08050C
:106F9000FCF740FEA6F1E007BFB20543072FEDB2B4
:106FA0003FD8012206F007018A4052B2BBF1000F20
:106FB00034D02A43D5B22088FCF794FA0446FEF771
:106FC00035FF00283CD001224FF0000802FA04F3FC
:106FD000DFF8D4A10193FEF729FF5FFA88F4844219
:106FE0002ED22046FEF724FF044648B30DB982781E
:106FF0008AB9E278019B1A420DD0227A12F0070F6B
:1070000008BF0722072F37D8BBF1000F31D0C2F3DA
:107010004002002A35D108F10108DCE725EA020523
:10702000C9E7624ABBF1000F1AD11188B14207D1FA
:10703000A2F800B05E4AC2F800B05E4AA2F800B002
:10704000594A1068002898D0072F00F296802946E8
:10705000FFF7DEFE002890D10120FFF7F7FE8CE756
:10706000168001F0CBF90021514A1060514A11807D
:10707000A1E7C2F38002CCE7BBF1000FCBD0D2076F
:10708000C9D5B4F800904E4502D1BBF1000FC2D073
:10709000DAF800108C42BED0616911B1097800297C
:1070A000B9D029462046FFF7B3FE0028B3D04E459D
:1070B00014BF00230BF001030093B9F1000F04D0BB
:1070C0001BB93A4B19884945A5D10020FFF7BEFEF0
:1070D0000121394B60791970CAF80040FCF78EFD28
:1070E000009B4BB9B9F1000F06D023882078043BF0
:1070F000A02B26D801F08EF8E58825F4F853A5F5E5
:107100008072B2F5F85F38BF1D4647F63E636E1ECB
:10711000B6B29E42E3688CBF002601261BB1012057
:107120002169984706404EB1E088FBF78FFBFCF7DA
:1071300059FD072F08D82846FFF74AFEFCF714FE32
:107140000AE0FBF70FFED7E7ECB2043DADB2A02D8D
:1071500009D8204601F056F8009B002B3FF40DAFF4
:10716000FCF702FEFDE6FCF7FFFD4FF47A7002F03B
:10717000BAF92046FBF7BAFDEEE70288B24207D122
:10718000BBF1000F08D10C4A82F800B0002064E780
:10719000BBF1000F3FF4F1AE037A9B063FF5EDAE75
:1071A000F4E700BF210C0020F02A0020EC2A002088
:1071B000E82A0020DC2A0020EE2A002070B50446D0
:1071C0000D462F4E00F060F82E4B3278187830EADA
:1071D000020103D01040187000F066F847F67B43B8
:1071E0009C4208D16B7923B13078FBF702FD00F0A7
:1071F0005FF800200EE045F23F239C421BD845F289
:107200001F239C421CD8B4F5A04F04D2B4F5804F84
:1072100027D2012070BDA4F5A043B3F5007FF8D2BA
:10722000C4F3431000F032F80028F2D06B799BB120
:10723000C4F34310DBE7A4F5A543403B1F2BE8D87C
:1072400004F01F0000F022F80028E2D06B79002B38
:10725000CFD004F01F00CAE7FCF79CFCFCF784FDCC
:10726000C7E7AB790F2BD4D86B79002BD1D1C4F3FE
:10727000032000F00BF880F00100C0B2CAE700BFA5
:107280006B100020F42A002070470000044B1A788D
:10729000012383401A4214BF01200020704700BF21
:1072A000F42A00200120704708B5FFF7FBFF08BD56
:1072B00070B501240C4D84402B7806461C4210D139
:1072C000FCF722FCB04201D1FCF774FD3046FCF71C
:1072D0008BF82B7884EA0300C0B22870FFF7E4FF34
:1072E00070BDFCF78DF8F4E7F42A00207047000029
:1072F00010B504464879002800F00A81A4F5E0445E
:10730000A3B2222B34D88348013CFCF7E0FD212CAA
:1073100023D8DFE814F06D00EB007700340039006B
:107320007C003E00810090004D00E200520095007C
:1073300057009A00C8005C009F00D1006300A600BF
:10734000B0004300860048008B006800AB00BD0021
:10735000DC00E0002E007200F4006E4A137843F067
:10736000010313706B48FCF7B4FDFBF7AFFF00207F
:1073700010BD684A537843F008035370F2E7654A3A
:10738000137843F00203ECE7624A137843F00403F6
:10739000E7E7604A137843F00803E2E75D4A537871
:1073A00043F00103E9E75B4A537843F00203E4E763
:1073B000584A137843F01003D3E7564A137843F042
:1073C0002003CEE7534A137843F04003C9E7FBF7A5
:1073D0007DFF504A137843F08003C2E74D4A13788B
:1073E00043F00C03BDE74B4A537843F00303C4E773
:1073F000484A137823F00103B3E7464A537823F051
:107400000803BAE7434A137823F00203A9E7414A85
:10741000137823F00403A4E73E4A137823F008030B
:107420009FE73C4A537823F00103A6E7394A537893
:1074300023F00203A1E7374A137823F0100390E703
:10744000344A137823F020038BE7324A137823F071
:10745000400386E7FBF73AFF2E4A137823F08003B8
:107460007FE72C4A137823F00C037AE7294A5378F4
:1074700023F0030381E727490B78C3F3800282F0EE
:107480000102D2B262F3820362F3C3030B7069E7B5
:1074900020494B78DA4302F0010262F3000362F301
:1074A00041034B705EE71B490B78C3F3801282F0F7
:1074B000010262F38613E9E7FBF708FF15490B7831
:1074C000C3F3C01282F0010262F3C713DEE70120AA
:1074D000FCF709FD46E70020FAE70E490B78C3F3F5
:1074E000001282F0010262F30413CFE709490B781E
:1074F000C3F3000282F0010262F30003C6E705490C
:107500004B78C3F3C00282F0010262F3C303C8E701
:1075100001202DE7F42E00200120704773B50446AA
:107520000D4600F09BF890BB6B7983B3FCF71CFB16
:107530000646FCF735FB06438DF80760FCF76AFB4F
:107540009DF80730B4F5A04F40EA03008DF807001E
:1075500020D2B4F5005F2ED2B4F5E06F17D013D867
:10756000A4F1E003072B12D9294620460DF10702AA
:10757000FFF7D2FF58B12046294600F05FF89DF88A
:10758000070000F055F802E0B4F5706FECD101206F
:1075900002B070BD45F2DF239C4207D845F25F235D
:1075A0009C42F4D8A4F5A4433F2BDCE7A4F5F843B0
:1075B000773B042BD7E7AB790F2BD4E738B50546DB
:1075C0000C4600F04BF880B947F679439D4204D150
:1075D000204600F049F8002038BD47F67A439D4226
:1075E00003D1204600F0C0F8F5E70120F4E70000E1
:1075F000064A92F900301946414301D51070704790
:107600007E29DCBF1B181370704700BF0D2B0020B4
:10761000002310B5C45C944204D183F00103DBB2B3
:10762000C05C10BD0133DCB2A142F3D80020F8E702
:10763000014B1870704700BF0E2B00200A2210B5B6
:107640000446044803F08FFA0022034B04811A70A9
:1076500010BD00BF102B00200D2B0020014B93F913
:10766000000070470C2B0020F8B5174D044695F923
:10767000003043BB154F3B892BB34379144E73B194
:107680000120FFF7B5FF134B1878FBF7F9FD0A222D
:107690003946114803F067FA104B1B783370062205
:1076A00021460D4803F05FFA33780B482B70FBF747
:1076B000C9FD00232B7063792BB9064B1878BDE800
:1076C000F840FBF7E6BDF8BD0C2B0020102B002086
:1076D000002B00200E2B0020022B00200D2B002061
:1076E00070B51C4B1C891C4B20461E783146FEF79A
:1076F000A9FB012821D10F2E46EA161594BF0026BA
:10770000012605F00F05B4F5005F45EA061515D210
:10771000FF2C1BD815F00D0F15BF0A2108210F48AB
:107720000F48E2B2FFF774FF20B916210D48FFF7AA
:107730006FFF10B140EA052080B270BDA4F5005380
:107740009BB2B3F5405FE5D30020F6E745EA142588
:10775000E0E700BF102B00200E2B002086B00008B1
:107760007EB0000868B000082DE9F041154C0546D0
:1077700094F9007027BB4379134E4BB1FFF7B0FF6C
:10778000804608223946304603F0D7F9A6F808802B
:107790003389ABB16B790D4E33B14FF0FF30FFF74A
:1077A00027FF0B4B1B78337006222946064803F04F
:1077B000DAF9337804482370FBF744FD0023237083
:1077C000BDE8F0810C2B0020F62A0020F52A0020CD
:1077D0000D2B00200246036813F8010B136070475D
:1077E0004D4B2DE9F0410C464C49C2081F5C4C4BF7
:1077F0008E5C4C499B5C00F0070011F8028003414D
:10780000064148FA00F813F0010506F0010608F0F9
:10781000010812D0E120FBF769FA002C6ED040F28B
:10782000E7300021DFF800C14FF47A720023E4FB57
:107830000C01FAF71BFD01F056FE96B1E620FBF7AE
:1078400055FA002C5CD040F2E7300021DFF8D8C0B8
:107850004FF47A720023E4FB0C01FAF707FD01F004
:1078600042FE21463846FBF7ABFA002C4AD040F2E4
:10787000E73000212C4F4FF47A720023E4FB07011C
:10788000FAF7F4FC01F02FFE86B1E620FBF76AFA66
:10789000D4B340F2E7300021234E4FF47A72002334
:1078A000E4FB0601FAF7E2FC01F01DFE85B1E120E0
:1078B000FBF758FA54B340F2E73000211A4D4FF469
:1078C0007A720023E4FB0501FAF7D0FC01F00BFE0D
:1078D000B8F1000F1ED02C20FBF78EFAC4B140F295
:1078E000E7300021104D4FF47A720023E4FB0501CC
:1078F000FAF7BCFCBDE8F04101F0F5BD01209AE7C4
:107900000120ACE70120BDE70120CDE70120DDE744
:107910000120EFE7BDE8F08190B0000820B1000839
:1079200030B1000810B10008A08601002DE9F84F21
:10793000174605460E4640F2E73000212D4C4FF425
:107940007A720023E7FB0401FAF790FC4FF00A0972
:107950008246DFF8A4803046A847A8B1012845D167
:107960003046A847431E0446032B07D8DFE803F040
:10797000020E13183046A847FBF73EFAA7B350464D
:1079800001F0B1FD002CE6D1BDE8F88F3046A847E4
:10799000FBF7ACF9F2E73046A847FBF7E3F9EDE770
:1079A0003046A8474FF0000B044618F8041011F0B9
:1079B000040110D1BBF1000F14D040F2E730DFF822
:1079C00034C04FF47A720023CBFB0C01FAF74EFC63
:1079D00001F089FDD2E73046A847303C09FB0B4B4C
:1079E0000446E2E70120F3E70120C9E73946FFF743
:1079F000F7FEB0E7A086010019B4000807B50A46F3
:107A0000019001A90248FFF791FF03B000BD00BF3C
:107A1000D57700080021FFF7F1BF00002DE9F047FE
:107A2000144642791D4680468A469DF820702C4BAC
:107A300092B11C7000F018FD2A4B188004F120034D
:107A4000DBB2072B49D8012004F00704A040C0B2E4
:107A5000BDE8F047FBF7D8B91E78A64233D1214BD9
:107A6000188800F083FC414681465046FEF78CF9A9
:107A7000814528D2AE4205F1200415D006F120033D
:107A8000DBB2072B06D8012006F00706B040C0B2D3
:107A9000FBF7C3F9E3B2072B06D8012005F0070373
:107AA0009840C0B2FBF7B0F93846E4B2FBF7A4F94E
:107AB000072C12D8012005F00705A840C0B2BDE888
:107AC000F047FBF7AAB904F12003DBB2072B04D877
:107AD000012004F00704A040F0E7BDE8F08700BFF4
:107AE0001C2B00201A2B0020A0F5F843183B07B5EB
:107AF0000846062B3AD8DFE803F0161D040F242BA6
:107B0000320026230093E12347F61A411A46FFF775
:107B100085FF002003B000BD27230093E52347F62F
:107B20001B411A46F3E72623E022009347F618414B
:107B3000E123ECE72723E422009347F61941E523EC
:107B4000E5E72623E222009347F61C41E123DEE726
:107B50002723E622009347F61D41E523D7E7282394
:107B6000E522009347F61E410123D0E74B7913B17C
:107B70000022024B1A700120CCE700BF1C2B002012
:107B800002B11047704710B5044602698169FFF7DA
:107B9000F7FFE078FCF712F82079FBF7F3FFFCF72A
:107BA000E3F800232360A38010BD0000437910B5E3
:107BB0009A0704460FD443F002034371C078FBF7E1
:107BC000F5FF2079FBF7D6FFFCF7CEF82046E268F8
:107BD000A169FFF7D5FF0022054B1A806379DB0707
:107BE00004D42046BDE81040FFF7CDBF10BD00BF54
:107BF000202B002038B54C79054684B10A4B1888F3
:107C000078B1A8420DD0C0B2FEF7D2F84379058012
:107C100043F004034371FFF7C9FFFBF7DDFF204684
:107C200038BD0024FBE700BF202B0020A0F5AE43A9
:107C3000FF2B70B505460E4601D9012070BDC4B2B8
:107C4000FEF7B3F8A04238D92046FEF7B1F87679AE
:107C50004379044666F300034371F6B100F004FC77
:107C6000174B1880A3780133A370FBF77DFFE070FA
:107C7000FBF796FFE3781843E070FBF7CBFFA268B1
:107C80002071A1692046FFF77BFF637913F0020F93
:107C900018BF00250B4B1D80CFE742698169FFF7B4
:107CA0006FFF63799B07C8D52046FFF76CFF054B34
:107CB0001A88AA42C1D11E80BFE70020BEE700BFDC
:107CC0001E2B0020202B002030B5104C85B02388BF
:107CD000D3B10F4B188800F049FB0023054601A9DA
:107CE000208801930293ADF80C30FEF74DF88542E1
:107CF0000AD92078FEF75CF843795B0704D405B015
:107D0000BDE83040FFF752BF05B030BD202B00204A
:107D10001E2B002038B547F67743984205D047F62A
:107D2000784398421BD0012038BD4B7993B100F0C5
:107D30001FF8FBF759FB00F01BF8044600F01EF893
:107D4000054600F021F8294602462046FBF744FC90
:107D50000020E9E700F00CF8FBF752FBEBE74B796A
:107D600013B100F00BF8E4E700F008F8F4E70000C6
:107D7000014B1878704700BF240C0020014B187885
:107D8000704700BF230C0020014B1878704700BFDC
:107D9000220C0020252008B5FCF7FEFC322801D07B
:107DA000002008BD2620FCF7F7FC6828F8D1272022
:107DB000FCF7F2FCA0F1740358425841F1E710B50A
:107DC000041E0CBFFF2132212520FCF747FD002CAB
:107DD0000CBFFF2168212620FCF740FD002C08BFC6
:107DE000FF21BDE8104018BF74212720FCF736BDE5
:107DF000704708B52820FCF7CFFC08BD704710B5C8
:107E00000446FFF7FBFFE1B22820BDE81040FCF775
:107E100025BD08B50020FFF7D2FF0020FFF7EFFFD8
:107E2000FEF750FDFEF7D2FDBDE808400120FFF748
:107E3000C6BF08B5FFF7DCFFFFF7DBFFFFF7DEFF8C
:107E4000FFF7A8FF18B9BDE80840FFF7E2BF08BD7B
:107E500008B54B794BB1A0F5EE427F2A03D8C0B2EA
:107E6000FEF7BBFD0023184608BD0123FBE7FF23F7
:107E70000370704710B503780446803B032B06D887
:107E8000DFE803F00206090CFDF788F9607010BD09
:107E9000FDF740F9FAE7FDF769F9F7E7FDF772F941
:107EA0006070FDF775F9A070F1E738B50378044606
:107EB000803B032B28D8DFE803F0020E1B20FDF7E0
:107EC00061F90546FDF764F9014662782846BDE888
:107ED0003840FDF794BA4078FDF7AAFB63781BB9E8
:107EE000BDE83840FDF706BBBDE83840FDF7CEBB26
:107EF0004078BDE83840FDF73FB984784578FDF714
:107F00004DF921460246E1E738BD000038B56A4A1E
:107F1000044612680D46037862B1FE2B28D14378DF
:107F2000022B02D9053B022B22D829462046FDF719
:107F300019FD1DE0132B10D88BB1013B0130122B22
:107F40000DD8DFE803F0111B3F50566265686B0CDB
:107F50000C6E72788596999CAA00FE2BE5D0294676
:107F60002046FFF784FF03E0002363700923A3701A
:107F700029462046BDE83840FDF7DFBB6378022B79
:107F80000BD0032B11D0012BE9D100F037FA030EEF
:107F9000A370030CE370030A04E0FFF72AFF002339
:107FA000A370E37023716071E2E7444B1B68002B00
:107FB000DED00020FCF714FBA0700120FCF710FBC2
:107FC000E070D5E76378022BC9D1E378A07840EA66
:107FD0000320237940EA0340637940EA036000BA52
:107FE000FFF70DFFC4E7E278A1786078FEF756FC52
:107FF000D1E762792379A17843EA02235BBAE27878
:1080000060789BB2FEF74CFCB2E7FEF75BFCAFE793
:10801000FFF74BFFACE7FFF72DFFA9E7FDF764F88B
:10802000A6E7FEF7C8FC6070A2E7FEF7C6FC030AED
:108030006370A0709CE7E1781C2999D86078A378D8
:10804000221D40EA032040BA80B2FEF7BBFC8FE756
:108050001A4B1B68002B8BD0E1781C2988D86078DC
:10806000A378221D40EA032040BA80B2FEF7ACFCA0
:108070007EE7FEF7ABFC7BE7FEF70EFCD3E7E1788B
:108080001C293FF675AF6078A378221D40EA0320D3
:1080900040BA80B2FEF77EFC6AE7E1781C293FF621
:1080A00067AF6078A378221D40EA032040BA80B20F
:1080B000FEF772FC5CE700BF502A00201C0C002079
:1080C000014B1860704700BF282B0020034B1B6832
:1080D00013B11B6803B1184718467047282B0020BE
:1080E000034B1B6813B15B6803B11847704700BFAF
:1080F000282B00200B4B07B51A8882420FD018801E
:10810000094B1B685BB11B694BB103228DF805005D
:10811000000A8DF806008DF8042001A8984703B0E6
:1081200000BD00BF242B0020282B00200B4B07B5DF
:108130001A88824210D01880094B1B6863B11B69F2
:1081400053B104228DF80500000A8DF806008DF861
:1081500004200DEB0200984703B000BD222B002045
:10816000282B0020034B1B6813B15B6903B1184730
:10817000704700BF282B00200020074B10B51B685C
:108180009A1C083312F8014B411CC9B2002C18BFCD
:1081900008469342F6D110BD000C002060B1074B99
:1081A0001B685A1C073312F8011F814203D09A4200
:1081B000F9D1002070470120704700BF000C00205B
:1081C00000224FF0FF3330B5441C14F8015F8D429C
:1081D0000BD0B3F1FF3F01D105B953B20132062AEA
:1081E000F3D15A1C01D01844817030BD002210B563
:1081F000431C073013F8014F8C4208BF1A708342AA
:10820000F8D110BD024B01461868FFF7D9BF00BF77
:10821000000C0020024B01461868FFF7E7BF00BFC3
:10822000000C0020034B062218680021023002F0E7
:1082300084BC00BF000C002082B002B0704707B5BC
:10824000FFF7FAFF03B000BD07B50422054901306E
:10825000C8700DEB020002F086FC0198FFF7EFFFFB
:1082600003B000BD250C0020032307B5064A0649CC
:10827000D37004220DEB020002F075FC0198FFF7A9
:10828000DEFF03B000BD00BF250C0020FFF7DCBF00
:10829000012307B5064A0649D37004220DEB0200FC
:1082A00002F061FC0198FFF7CAFF03B000BD00BFF8
:1082B000250C0020FFF7ECBF07B5003818BF0120E0
:1082C0000422054988700DEB020002F04CFC019875
:1082D000FFF7B5FF03B000BD250C0020014B9878D7
:1082E000704700BF250C002007B5042205494870DF
:1082F0000DEB020002F037FC0198FFF7A0FF03B07E
:1083000000BD00BF250C0020014B5878704700BF0E
:10831000250C002007B50422054908700DEB02006A
:1083200002F021FC0198FFF78AFF03B000BD00BFF7
:10833000250C002070477047704708B5FFF7FCFF19
:1083400008BD704708B5FFF7F5FFFCF7B1F9FFF777
:10835000F2FF0020FCF744F930B90120FCF740F9A6
:10836000003818BF012008BD0120FCE710B5044605
:1083700000F07AF8001B80B210BD10B5044600F082
:108380003DF8001B10BD08B501F0C6F9BDE8084076
:1083900000F0F0BE08B5FAF712FCBDE8084040F264
:1083A000A46001F0A0B808B5FBF7F4FBFBF714FCE0
:1083B000FFF738FF0020FFF79DFE0020FFF7B6FE15
:1083C000BDE80840FAF704BC302383F31188064B5C
:1083D000DA69064B1A600023054A1360054A1360E8
:1083E00083F31188704700BF80300020342B0020B9
:1083F000302B00202C2B0020FFF7E6BF70B500F0DB
:10840000DFFE124D124B1349DC692B680A68E41A2F
:10841000A242114A0AD9A3F58333E03B16682B60C8
:108420000E4B04F58334F318E034136015680C60C8
:108430004FF47A7600F0CDFE002109480023E4FBDA
:108440000601084AF9F712FF284470BD342B0020BA
:1084500080300020302B00202C2B002088598F02E8
:108460009F860100A086010008B5FFF7C7FF80B214
:1084700008BD0000BFF34F8F0549064BCA6802F4E0
:10848000E0621343CB60BFF34F8F00BFFDE700BF37
:1084900000ED00E00400FA0508B5FFF7EBFF00006F
:1084A00044F24D2208B5024B9A62FFF7E3FF00BF8A
:1084B000006C004070B590F87420044602F07F0311
:1084C000212B4FD112F0800F90F875301ED0022B67
:1084D00018D0032B05D0012B18D1BDE8704000F057
:1084E000A3BC90F8783090F8791053EA012539D17F
:1084F000FFF7F4FE0122314B1870A366E266256790
:10850000012070BDBDE8704000F0BCBD0A2B20D03A
:108510000B2B0FD0092B25D194F8783094F87910D3
:1085200043EA012323F00203E3B9254B0222254D40
:10853000A366E3E794F8783094F8792053EA0223AD
:1085400003D194F87600FFF7B7FE0022A26600255B
:10855000D4E794F87700FFF7DDFE2046BDE87040D1
:1085600000F0B8BD02F09F02812A18D194F875304E
:10857000062B14D194F87920616894F878304D680E
:1085800043EA0223204694F8772094F87610A8470F
:1085900008B90020B5E743680268A366D7E703255A
:1085A000094ED6F8843023B9013D06F19006F8D182
:1085B000EFE7204698470028F6D0A1E7402B00209F
:1085C000442B002011860008D00C0020F8B50F4C79
:1085D0000022234643F8042F90F87B7090F87960CE
:1085E00090F8765090F87A2090F8781090F877000C
:1085F00042EA072241EA062145EA002000F0B8F9E4
:1086000020606068002818BF2046F8BD382B002085
:1086100090F87A2090F87B00074942EA0022022A6B
:108620000B7806D1012B01D0062B04D14878FFF737
:108630005BBE1846FBE77047442B002010B5064A86
:10864000064C117824784B1C03F00F039C421EBF8C
:10865000034C1370605410BD723000207330002042
:108660006230002008B5052936D8DFE801F0203552
:1086700003202036302383F31188224800F05BFA70
:10868000214800F058FA214800F055FA204800F03F
:1086900061FA002383F311881E4B1B7813B1052068
:1086A000FFF7CCFF0220BDE80840FFF7C7BF084630
:1086B000FFF7C4FF302383F31188124800F014FA47
:1086C000114800F011FA114800F00EFA104800F0BD
:1086D0001FFA002383F3118808BD302383F3118828
:1086E000084800F022FA084800F01FFA074800F096
:1086F0001CFA074800F01CFA002383F311880520B8
:10870000D1E700BFD00C0020600D0020F00D00204C
:10871000440C0020462B0020102208B500210448FC
:1087200002F00BFA0023034A1370034A137008BDCA
:1087300062300020723000207330002070B5294D67
:10874000294C00222E782378B34232D102B1237013
:1087500070BD2370254B1A70254B93F87F10081EAF
:1087600018BF0120FFF780FDEBE7002223701F4BAD
:108770001A70FFF718FE1E4B93F87F10081E18BFE3
:108780000120FFF783FDDCE72370194B93F87F107E
:10879000081E18BF0120FFF757FDD2E70021237004
:1087A0000846F8E72370FFF773FD0120FFF784FD0B
:1087B000C7E719460F480133415C012203F00F035C
:1087C0000529C1D801A050F821F000BFA5870008F5
:1087D00049870008898700089D870008538700089B
:1087E0006B8700087230002073300020462B002079
:1087F000083100206230002070B506460025174C75
:10880000204600F02BF90135204600F04FF9032DEA
:1088100004F19004F4D14FF48054114800F032F97F
:108820000F4800F052F906224FF480510D4801F034
:1088300047FE0C4B30465C6101F093F941F2883001
:1088400000F051FE3046084901F077F92146BDE8B5
:1088500070400222034801F033BE00BFD00C00205C
:10886000440C00200008014040B1000837B5002347
:108870009025054C009305FB004042F2107300F078
:10888000E8F903B030BD00BFD00C002010B504469D
:10889000FFF724FD2146BDE8104008220120FFF724
:1088A000E5BF70477047014603220020FFF7DEBF97
:1088B00020290A4603D101460220FFF7D7BF70479F
:1088C00000B589B0002320226946054800F027FA48
:1088D00008B909B000BD20216846FFF717FBF1E792
:1088E000440C002070477047704708B5FFF7FAFF47
:1088F00002F0FCF8FFF7F7FF08BD08B502F0FEF83C
:10890000FFF7F2FF08BDFFF7D5BC000008B5FFF781
:1089100003FF0448FFF770FFBDE8084041F28830CC
:1089200000F0E1BD083100200148FFF7C9BB00BFDE
:108930002C0C002010B50C4CFFF700FF2378052B02
:1089400002D12378052B00D010BDFFF723FDFFF7E0
:10895000F9FC0028F5D0B4F87C309B07F1D520460F
:1089600001F08AF9EDE700BF0831002000F010BBEC
:10897000020A032A0FD007D8012A24D0022A07D1DD
:108980005B20124A1A607047212A0ED0222A13D087
:1089900000200246F6E710F0FC0FF9D10C4AC0B2F5
:1089A00052F820200B49405CECE70229F0D80A4A33
:1089B000092052F82120E5E70229E9D8074A0848AA
:1089C00052F82120EFE71220064ADBE7C6B1000883
:1089D00070B100086CB1000860B1000854B1000823
:1089E00050B1000821B2000813B5446B226F137810
:1089F000042B12D1012394F8741012898B40134276
:108A00000BD1204601A900F066FF024628B1019B68
:108A100094F87410206F01F01CF902B010BD10B56D
:108A2000026F04461378042B13D1012390F87410BD
:108A300052898B4013420CD100F0A4FE024640B193
:108A4000E36994F87410206F043BBDE8104001F016
:108A5000EEB810BD406BFFF7E2BF00001FB500F19C
:108A60005C03C364064B01210193836FD0F880201F
:108A700000930290C36F00F00BFF05B000BD00BF74
:108A8000E98900081FB500F15C030365064B01216D
:108A90000193836FD0F8802000930290C36F00F0A1
:108AA0004FFE05B000BD00BF558A0008302383F398
:108AB0001188036F90F8742003EB820398620023FF
:108AC00080F8883083F311887047302383F311884E
:108AD00090F87430026F113342F82300002380F8BD
:108AE000843083F311887047012310B50446037264
:108AF0006FF0010100F027FD204600F0E0FED4F801
:108B00008C3023B1BDE81040DA681868104710BDFA
:108B1000012310B5044603726FF0010100F013FD4C
:108B20002046BDE8104000F022BE002303727047CB
:108B300000230372704710B5044690F8741000F1DA
:108B40003802006F01F035F8204600F0B8FE00232F
:108B5000237210BD10B5044690F8741000F138026D
:108B6000006F01F026F8204600F001FE00232046A9
:108B70002372BDE81040FFF752BF00EB8103F7B549
:108B80009C6A05460E4684B3302383F31188002384
:108B9000226984F8883063699A4201D1E368B3B9E5
:108BA00005EB8603DB685B691B6883B1D4F88C3006
:108BB00053B101A9204600F08EFED4F88C30014656
:108BC0009F68019A1868B847204600F092FE204638
:108BD00001A900F080FE024648B1019B31462846BB
:108BE00001F037F8002383F3118803B0F0BD05EBE3
:108BF0008603DB681A68022AF4D15A691268002ACF
:108C0000F0D01B8A013B1340ECD105F17402E5E77B
:108C100001F1110310B550F82340CCB1302383F398
:108C2000118800EB8100C3689B695B6853B1236FB7
:108C300094F87420204603EB8203DB689B69596833
:108C400000F0AAFD2046FFF7EAFE002383F3118817
:108C500010BD2DE9F8431D460446884616463023CC
:108C60009DF8207083F31188036F00201B78042B7C
:108C700003D080F31188BDE8F88394F8883023B1DD
:108C800001354FF0FF3518BF002580F311882B46C2
:108C900032464146204600F067FE86421DD9302309
:108CA00083F3118894F888304FF00009002808BF3A
:108CB00043F0010384F8883001236FF0010123722F
:108CC000204600F040FC204600F0F9FD84F80890B2
:108CD00000F072FB89F31188D9E70FB10120CAE7D0
:108CE000204600F084FEF9E7302383F311880269FF
:108CF00043699A420FD1C3687BB10123026F90F898
:108D0000741012898B4013420CBF012000200023F5
:108D100083F3118870470020F9E71846F7E738B564
:108D200015460446302282F31188026F0020127823
:108D3000042A02D080F3118838BD94F8842022B12F
:108D400001334FF0FF3318BF002380F311882A4608
:108D5000204600F05CFDB0FA80F35B0984F88430B3
:108D60002B1A58425841E7E7006810B440B1054C4F
:108D70008264E469083040F8044C10BC01F0F3BE92
:108D800010BC7047803000200168134631B18A6CF6
:108D900003F108009A64083101F0E5BE704710B590
:108DA0000446006840B1826C0021083001F0C5FE25
:108DB000002223681A605A6010BD00000B7810B4BE
:108DC000082B0BD850F8230040B110BC044B826430
:108DD000DB69083040F8043C01F0C5BE10BC7047A8
:108DE000803000200829134609D850F8211031B1ED
:108DF0008A6C03F108009A64083101F0B4BE704730
:108E000070B50026051F00F1200455F8040F38B195
:108E1000826C0021083001F090FE2B681E605E60BD
:108E2000A542F2D170BD000038B590F87830044604
:108E3000022B1CD890F87610082918D80D4AD25C5D
:108E4000022A14D890200C4B00FB0233D3F88C007C
:108E500060B10A4D43682A460068984705F1080347
:108E6000A366AB6C0120E3660023236738BD0020B6
:108E7000FCE700BFCC0C0020D00C0020782D002097
:108E8000036843B19100196003490B78002A18BFA9
:108E900043F001030B707047C42D0020006810B12F
:108EA0000068C0F38700704738B503680BB900202D
:108EB00038BD302383F31188036800211C685B6888
:108EC00081F31188002CF2D04FF47A7C074A084DC8
:108ED000D069084AC01AE0FB0C5100232846F9F774
:108EE000C5F984428CBF00200120E1E780300020DA
:108EF0009F860100A08601004B1E072B0BD850F85F
:108F0000213043B19100196003490B78002A18BF42
:108F100043F001030B707047C42D0020082906D8C8
:108F200050F8210020B10068C0F38700704700208E
:108F300070470000082938B501D9002038BD50F825
:108F40002130002BF9D0302383F3118850F82130E1
:108F500000211C685B6881F31188002CEDD04FF470
:108F60007A7C084A084DD069084AC01AE0FB0C51C7
:108F700000232846F9F77AF984428CBF00200120AB
:108F8000DCE700BF803000209F860100A086010042
:108F90002DE9F84F384B1B78002B41D000254FF0BE
:108FA00030082E46A946354FD7F88C40002C30D0DB
:108FB000002D37D14FF0010A88F3118863692068CA
:108FC0005FFA8AF19847002818BF46F0010689F336
:108FD00011882A48FFF788FEB0B1A36920685FFABC
:108FE0008AF1984780B188F31188254A6368206820
:108FF0005FFA8AF1984789F31188214B00209A6C17
:1090000003F10801FFF732FC0AF1010ABAF1090F76
:10901000D2D10135032D07F19007C5D1164B1E7033
:10902000BDE8F88F88F311880021636920689847AC
:10903000002818BF46F0010689F311883846FFF76B
:1090400053FE0028E5D00021A36920689847002836
:10905000DFD088F31188DFF828A00021524663682A
:109060002068984789F31188DAF848200AF1080146
:10907000E8B2FFF7FBFBCCE7C42D0020D00C0020AA
:109080002C2D002010B590F878300446022B19D80A
:1090900090F87610082915D80B4AD25C022A11D80C
:1090A00090200A4B00FB0233D3F88C0048B143698F
:1090B00000689847064B1870A36601200023E066FD
:1090C000236710BD0020FCE7CC0C0020D00C002052
:1090D000282D002010B590F878300446022B19D8BE
:1090E00090F87610082915D80B4AD25C022A11D8BC
:1090F00090200A4B00FB0233D3F88C0048B103697F
:1091000094F877200068984700230120A366E3665F
:10911000236710BD0020FCE7CC0C0020D00C002001
:1091200070477047FEE70000F0B508200026104A9F
:10913000516813680D469468043BAC4210D8E31C98
:109140005B1ACD1E23F00303AC4238BF00230B444F
:10915000D168994209D8013802F11002E8D1F0BD76
:1091600053F8047F45F8047BE7E743F8046BF0E726
:10917000CCB2000838B501230025074C2370656088
:1091800000F0BEFA0549064800F024F902232370D6
:1091900085F3118838BD00BF783000204CB300083B
:1091A0008030002072B60322024BD865024B1A7041
:1091B000FEE700BF803000207830002000F048B883
:1091C000EFF3118020B9EFF30583302282F3118889
:1091D000704710B530B9EFF30584C4F3080414B137
:1091E00080F3118810BD00F0E7F884F31188F9E7E7
:1091F00010B50A4C23699A6891420CD85A6881606C
:109200000360426010609A685860521A9A604FF08A
:10921000FF33A36110BD1B68891AECE78030002082
:1092200003610023C2604361FFF7E2BF0368816806
:109230009A680A449A60426813605A6000234FF0AB
:10924000FF320360014B9A61704700BF80300020FD
:1092500070B5124D2A46EB690133EB6152F8103FAD
:10926000934206D030269A68013A9A602C69A36826
:1092700003B170BD226861680A605160236083F3A6
:1092800011882046E3682169984786F3118861694F
:109290000029EBD02046FFF7ABFFE7E78030002046
:1092A00000238268037503691B6899689142FBD2A9
:1092B0005A680360426010605860704700238268FB
:1092C000037503691B6899689142FBD85A6803606B
:1092D000426010605860704708B5302383F31188EE
:1092E0000A7D0023052A06D8DFE802F00C050503F5
:1092F000130F8A6913604FF0FF3308468B61FFF745
:10930000CFFF002383F3118808BD8A699368013376
:1093100093604A680B6813605A60ECE7FFF7C0BFC0
:10932000054BD96808751868026853601A600122F5
:109330000275D860F8F784BF8030002030B50C4B40
:109340000546DC684B1C87B00FD023466846094AA7
:10935000FFF766FF2846FFF7E3FF009B13B168465F
:10936000FFF764FFA06907B030BDFFF7D9FFF9E749
:1093700080300020D9920008044B1A68DB6890689E
:109380009B68984294BF00200120704780300020E5
:10939000084B10B51C68D868226853601A60012217
:1093A0002275DC60FFF78AFF01462046BDE81040C9
:1093B000F8F746BF80300020044B1A68DB689268DB
:1093C0009B689A4201D9FFF7E3BF704780300020C5
:1093D00030BFFDE770B5002504461A4B86B08562A4
:1093E00001630E46586000F045F904F11003236153
:1093F00063614FF0FF33A361134BE561D9692B46DD
:109400000A462046C4E9082304F1340180230F4AA8
:1094100024606460A560E562E56500F01DF8012345
:109420000B4AE06003750092726868460192B26868
:10943000CDE90223074BCDE9043500F03FF806B033
:1094400070BD00BF78300020803000202AAD0008B9
:109450002FAD0008D193000802228B604B620023DD
:1094600008618A8208460B62CB6170478368C168D5
:10947000A3F14C0243F81C2C026943F84C2C4269BE
:109480000C4843F8482C0C4A43F8180C43F82C2C91
:10949000022203F8142C002243F8201C03F8132C9A
:1094A00043F8041C43F8082C43F80C2CA3F12800C3
:1094B000704700BF803000205122000808B5FFF738
:1094C000D5FFBDE80840FFF729BF0000024BDB686D
:1094D00098610F20FFF724BF80300020302383F3F2
:1094E0001188FFF7F3BF08B50146302383F31188D5
:1094F0000820FFF723FF002383F3118808BD0368CA
:109500002BB10022026018469961FFF707BF704730
:1095100049B1064B4268DB6818605A6013604360CB
:109520000420FFF70BBF4FF0FF3070478030002062
:109530000368984206D01A68026050601846996124
:10954000FFF7ECBE704738B504460D4620688442EC
:1095500000D138BD036823605C608561FFF7DEFEE3
:10956000F4E7034610B51B68984203D09C688A68EC
:109570009442F8D25A680B604A601160596010BD7D
:1095800000230060406083607047000038B5816848
:10959000164B0546DC6891B9236A8460C36020627B
:1095A00038BD8B600B7D7BB1062B14D10B684A68EC
:1095B000886913605A60FFF7D4FF8B699968A368C4
:1095C0008A689A42EDD306E04A680B680846136041
:1095D0005A60FFF7A3FE28462146FFF7C2FFA561A8
:1095E0000620BDE83840FFF79BBE00BF803000205A
:1095F00008B5302383F31188FFF7C8FF002383F3F6
:10960000118808BD154A0346D16810B5302282F38F
:109610001188C26800680A6298421BD0486A82B901
:109620008860186802681A605360026A9860DA609D
:109630000362FFF773FEFFF7BFFE002383F3118879
:1096400010BD1468A24203D0A468A04238BF2046CF
:10965000D268E4E700238360EFE700BF803000209A
:10966000EFF30983203383F30988002383F3118800
:1096700070470000302080F3118862B60C4B0D4A11
:10968000D96821F4E0610904090C0A43DA60D3F8CF
:10969000FC20094942F08072C3F8FC200A6842F0BD
:1096A00001020A602022DA7783F82200704700BFA7
:1096B00000ED00E00003FA05001000E0302310B5D3
:1096C00083F311880B4B5B6813F400630FD0EFF347
:1096D00009844FF08073203CE36184F30988FFF72D
:1096E0004BFE10B1044BA36110BD044BFBE783F3A9
:1096F0001188F9E700ED00E0632200086622000807
:10970000024B034A1A60034A5A607047E030002057
:10971000903100200050002008B500F06BFD064895
:1097200000F098FE00F0C0F900F0F8F9FFF7E5F856
:10973000BDE8084000F002B8DCB3000800F0F2BE5B
:1097400030B501720021039C043304FB0325C3617F
:10975000049B00600363059B4060C160426102613D
:109760008561046242628162C162436330BD00224E
:10977000416AC2604161016182626FF00101C262AF
:10978000FFF7E1BE03694269934201D1C2680AB999
:10979000181D70470020704703691960C2680021D6
:1097A0000132C260C269134482690361934224BFDB
:1097B000436A0361FFF7BCBE38B504460D46E36853
:1097C0003BB162690020131D1268A3621344E36277
:1097D00007E0237A33B929462046FFF799FE00288F
:1097E000EDDA38BD6FF00100FBE7C368C269013BE9
:1097F000C3604369134482694361934224BF436A4F
:10980000436100238362036B03B1184770472DE95E
:10981000F84F04460F4691469B464FF0300888F3B8
:1098200011880026B246A56A4DB959462046FFF771
:10983000C3FF20B185F311883046BDE8F88FA16AD7
:10984000E56AA9EB06036D1A9D4228BF1D46402D0F
:1098500015D93846402201F086F9A36A40374033D3
:109860004036E26AA3629A4202D82046FFF7BDFF63
:109870008AF311884E45DFD288F31188D3E7384642
:109880002A4601F070F9A36A2F442B442E44E8E7DE
:1098900010B5029C04330172C36103FB0421002351
:1098A0008362C362039B00600363049B4060C460E7
:1098B00042610261816104624262436310BD026AD7
:1098C0006FF00101C260426A42610261002282625D
:1098D000C262FFF738BE034640691A69824201D16D
:1098E000DB681BB950F8043B0B6070470023184637
:1098F000FAE7C368C2690133C360436900211344B6
:1099000082694361934224BF436A4361FFF710BEFB
:1099100038B504460D46E3683BB1236900201A1DA3
:10992000A262E2691344E36207E0237A33B929466D
:109930002046FFF7EDFD0028EDDA38BD6FF001009D
:10994000FBE703691960C268013AC260C269134447
:1099500082690361934224BF436A036100238362E7
:10996000036B03B1184770472DE9F84F04460F46C3
:1099700091469B464FF0300888F311880026B24686
:10998000A56A4DB959462046FFF7C2FF20B185F3BD
:1099900011883046BDE8F88FA06AE56AA9EB060396
:1099A0002D1A9D4228BF1D46402D17D93946402209
:1099B00001F0D9F8A36A403740334036E26AA36227
:1099C0009A4204D8E16920460439FFF7BAFF8AF3C6
:1099D00011884E45DDD288F31188D1E739462A46F1
:1099E00001F0C1F8A36A2F442B442E44E6E730224D
:1099F00008B582F31188816A29B103690439C91A4B
:109A000001D0FFF79EFF002383F3118808BD0000FB
:109A100037B505462B6828469B6901A99847012858
:109A200010D140F2E73C00210198DFF81CE04FF430
:109A30007A72E0FB0EC100236046F8F717FCFFF7CF
:109A400052FDE7E703B030BDA0860100036810B502
:109A50005B680C469847C36813B153F8340010BDD7
:109A600000696043FBE7036810B55B680C469847E4
:109A7000C3681BB103EBC403586810BD0069FCE761
:109A8000036810B55B680C4698474069204410BDD8
:109A900008B50C30FFF7B6FD002008BD08B50C3046
:109AA000FFF7A6FD002008BD00F002BC044B0C30FF
:109AB00040F80C3C012300F8083CFFF761BD00BFF3
:109AC00058B3000810B53023044683F31188816031
:109AD00000F0FAFB02230020237180F3118810BDEF
:109AE00010B53023044683F3118800F001FC0123F4
:109AF0002371002383F3118810BD10B5044690F83C
:109B0000763080F87E3000F06BFE63681B6813B11E
:109B10000121204698470323237010BD00F03EBE6C
:109B2000012310B538220446002100F82C3B01F037
:109B300004F800236360A36010BD10B53023044611
:109B400083F311882022416000210C3000F0F5FFE2
:109B5000204600F0BFFE02230020237080F311880E
:109B600010BD70B53023054683F3118800F01CFE4C
:109B70002C46002601236E6004F8083B283554F873
:109B8000043F73B1586920B16FF001010C30FFF749
:109B9000B6FC2368986920B16FF001010C30FFF723
:109BA000AEFCAC422660EAD1FFF706FC86F31188D2
:109BB00070BD70B500EB8103054650690E46144632
:109BC000DA6018B11422002100F0B7FFA06918B1C3
:109BD0001422002100F0B1FF31462846BDE8704054
:109BE00000F008BEF8B504460027836800F10C05B4
:109BF00003F00113836000F1280655F8043F73B1A8
:109C0000586920B16FF001010C30FFF778FC2B6828
:109C1000986920B16FF001010C30FFF770FCB5427C
:109C20002F60EAD12046BDE8F84000F083BE30B492
:109C3000012445898C402C43448100EB8104E46875
:109C4000A46923600023A2606360E36030BC00F07D
:109C5000B9BE30B4012405898C402C43048100EB4B
:109C60008104E468646923600023A2606360E360A8
:109C700030BC00F0C7BE000010B50378052B0BD137
:109C8000064CC820236C43F010032364FFF72BFC21
:109C9000236C23F01003236410BD00BF005C004060
:109CA0002DE9F04102230026054604464FF0300816
:109CB0000370C66700F1280745F8086F55F8043FA0
:109CC0009BB188F311882B68586920B16FF00101AE
:109CD0000C30FFF714FC2B68986920B16FF001017C
:109CE0000C30FFF70CFC86F31188BD422E60E5D1E5
:109CF000204684F8646000F0D3FD63681B6823B1DC
:109D00002046BDE8F04100211847BDE8F081F8B5D4
:109D100003780546052B27D080F880300523037093
:109D200043681B680BB1042198472C460026302756
:109D300044F8086F283554F8043F9BB187F3118825
:109D40002368586920B16FF001010C30FFF7D7FB91
:109D50002368986920B16FF001010C30FFF7CFFB49
:109D600086F31188AC42E6D1F8BD0178052906D109
:109D700090F88020436802701B6803B11847704751
:109D800070B590F86430044613B1002380F8643055
:109D9000204604F1740200F0FBFD63689B68B3B9D0
:109DA00094F8743013F0600539D00021204600F09B
:109DB0005DFE0021204600F047FE63681B6813B17A
:109DC000062120469847062384F8643070BD20465B
:109DD00098470028E4D094F87A3094F87B20E56E18
:109DE00043EA02239D4284BF1D46E36694F9743022
:109DF000002B4FF0300380F2F580002D00F0E4805E
:109E0000092284F8642083F3118800212046E36E40
:109E1000A26EFFF71EFF002383F31188D6E794F8A4
:109E2000752003F07F0343EA022340F2023293429B
:109E300000F0B78021D8B3F5807F4DD00DD8012B2D
:109E400044D0022B00F08580002BAED104F17C02BF
:109E5000A2660222E2662367BDE7B3F5817F00F0C8
:109E60008D80B3F5407FA0D194F87630012B9CD142
:109E7000B4F87C3043F0020337E0B3F5006F3ED016
:109E80001CD8B3F5A06F36D0A3F5C063012B8CD8D6
:109E900094F87920616894F878304E6843EA022398
:109EA000204694F8762094F87710B04700283FF4C5
:109EB0007CAF4368A3660368E3661AE0B3F5106FEE
:109EC00022D040F6024293427FF46FAF524BA3661A
:109ED0000223E3660023BEE794F87630012B7FF47B
:109EE00064AFB4F87C3023F00203A4F87C30A5669C
:109EF000E56625676FE7494BA566E566ABE704F1C4
:109F00007F03A3660123D7E72378042B10D13023E6
:109F100083F311882046FFF765FE85F3118803213E
:109F2000636884F87F5021701B680BB12046984706
:109F300094F876304BB184F87F3004232370636843
:109F40001B6813B10221204698470023A366E366ED
:109F500081E794F8783020461D0603F00F010AD5FA
:109F600000F008FD012804D002287FF41EAF2C4B1E
:109F7000ADE72C4BABE700F0EFFCF3E794F876305D
:109F8000002B7FF412AF94F8783013F00F01DCD07F
:109F90001A06204602D500F091FDD6E700F078FDC4
:109FA000D3E794F87630002B7FF4FFAE94F8783046
:109FB00013F00F01C9D01B06204602D500F056FD54
:109FC000C3E700F041FDC0E7142284F8642083F366
:109FD00011882B462A4629462046FFF728FE85F39E
:109FE0001188F3E65DB1152284F8642083F31188AB
:109FF00000212046E36EA26EFFF719FE0BE70B224D
:10A0000084F8642083F311882B462A46294620468B
:10A01000FFF71FFEE3E700BF84B30008FB9A0008C8
:10A0200082B3000880B3000838B590F86430044665
:10A03000002B42D0063BDAB20F2A38D80F2B36D885
:10A04000DFE803F03B35350826363535353535350F
:10A0500035353B3B90F87A3090F87B20C56E43EA6B
:10A0600002239D4214D2C3681B8AB5FBF3F203FBA3
:10A0700012556DB9302383F311882B462A462946A1
:10A08000FFF7E7FD85F311880A2384F864300EE0BA
:10A09000142384F86430302383F31188002320468E
:10A0A0001A461946FFF7C3FD002383F3118838BD14
:10A0B000036F03B198470023E7E70021204600F033
:10A0C000D5FC0021204600F0BFFC63681B6813B17B
:10A0D0000621204698470623D7E710B590F864304C
:10A0E0000446142B29D017D8062B05D001D81BB154
:10A0F00010BD093B022BFBD80021204600F0B6FC26
:10A100000021204600F0A0FC63681B6813B1062103
:10A1100020469847062319E0152BE9D10B2380F838
:10A120006430302383F3118800231A461946FFF761
:10A1300090FD002383F31188DAE7C3689B695B68AD
:10A14000002BD5D1036F03B19847002384F8643006
:10A15000CEE700F1604303F56143090183F8001382
:10A16000012300F01F024009800000F1604093408D
:10A1700000F56140C0F8803103607047012200F0B3
:10A180001F039A4043099B0003F1604303F56143B9
:10A19000C3F88020C3F88021002300F1604000F55F
:10A1A000614080F80033704700F16040090100F51C
:10A1B0006D4001767047062108B50846FFF7C9FFD4
:10A1C00006210720FFF7C5FF06210820FFF7C1FF82
:10A1D00006210920FFF7BDFF06210A20FFF7B9FF7E
:10A1E00006211720FFF7B5FFBDE80840062128200B
:10A1F000FFF7AFBF4FF0FF310E4B1A6919611A69B3
:10A2000000221A611869D868D960D968DA60DA68FA
:10A21000DA6942F08052DA61DA69DA6942F00062A2
:10A22000DA61054ADB69136843F480731360FFF752
:10A23000C2BF00BF0010024000700040194B1A68F6
:10A2400042F001021A601A689007FCD51A6802F001
:10A25000F9021A6000225A605A6812F00C0FFBD102
:10A260001A6842F480321A601A689103FCD55A6861
:10A2700042F4E8125A601A6842F080721A601A6852
:10A280009201FCD51221084A5A60084A11605A68A6
:10A2900042F002025A605A6802F00C02082AFAD10F
:10A2A000704700BF0010024000641D000020024003
:10A2B00008B50348FFF7FAFB024B014AD36108BD1A
:10A2C000E830002000200240C369064A59680A436A
:10A2D0005A605968044A0A435A600022034B1A61C3
:10A2E000704700BF23016745AB89EFCD00200240D6
:10A2F000C269136943F080031361704700487047D7
:10A3000088B3000838B50446007905280DD003202D
:10A310001F252071E06901F10061C560184600F059
:10A3200022FC02230020237138BD0120FCE7F7B591
:10A330000479052C3FD004241F254FF6FF7C0471BF
:10A34000C469E560256945F00105256152B321F036
:10A350000105ADF804C005F1006501F0010613F830
:10A36000017B08366E44013A06F8047C01F10101D4
:10A3700001D0CF07F1D4BDF804702F80E668F6074E
:10A38000FCD4E66806F01F0E16F0100FC4F80CE0BF
:10A3900007D1760703D42D88ADB2AF42D6D00322C1
:10A3A00000E00622236923F00103236102230371E5
:10A3B000104603B0F0BD0122FAE70720704710B540
:10A3C00003790446052B14D005231F220371C369AA
:10A3D000DA601A6942F002021A61FFF737FBE3699B
:10A3E00000F10060586100201A6942F040021A61D1
:10A3F00010BD0120FCE70379052B09D1C369DA6898
:10A40000D20707D41A6922F036021A6102230371B7
:10A410000020704709B90120704701230B60FAE75B
:10A4200010B503790446052B12D0FFF70FFB00F19E
:10A430000060031F00F57F7053F8042F013205D12F
:10A440008342F9D100200223237110BD0520FAE7D1
:10A450000120FAE7184B9A6942F07D029A619B69E4
:10A460000268164BDA6082685A6042681A60C268F5
:10A4700003F58063DA6042695A6002691A60826992
:10A48000C3F80C24026AC3F80424C269C3F8002488
:10A49000426AC3F80C28C26AC3F80428826AC3F867
:10A4A0000028026BC3F80C2C826BC3F8042C426B9F
:10A4B000C3F8002C704700BF0010024000080140A4
:10A4C000032AF0B528D10161154B9F5C00230822B7
:10A4D0001D461C461E4611F0800F4FEA04144FEA39
:10A4E00003134FEA06164FEA05150CBF44F00F049C
:10A4F0003B4311F4004F0CBF46F00F063D43013AB9
:10A500004FEA4101E7D1426832402A434260026883
:10A51000224013430360F0BD042A08BF4161D3E722
:10A52000A4B300084FF0E02340F2CF225A6100228A
:10A530009A61072208210B201A61FFF735BE08B582
:10A54000302383F31188FEF739FE002383F311884B
:10A5500008BD08B5FFF7F3FFBDE80840FFF7AEB848
:10A560000E4B10B51B6D040103F1804303F5C0438E
:10A5700003EB0010E358114403F1005303F540537B
:10A580005B004260002A00DC10BD8C1A20786478E1
:10A59000023A40EA042043F8040BF3E7005C004071
:10A5A0002DE9F84F7B4C666CF3436364730502D569
:10A5B0007948FFF775FB370506D5236C764843F0DD
:10A5C00008032364FFF7A3FBF5040AD5714B9A6CCB
:10A5D000140406D41A6C704822F008021A64FFF7BB
:10A5E000C4FBB00504D56C484368DB6803B19847E9
:10A5F000694D330403D4BDE8F84FFFF75FB806F0A8
:10A600000F00840004F18044871C04F5B84405EB76
:10A610008703F1062268D3F804C043D42268DCF82B
:10A62000143022F4784222F0F00242F40042226018
:10A630001E695A6819683244891A5A6017D0BCF8E2
:10A6400010208A4228BF0A4699681A6131449960ED
:10A65000FFF786FF236823F4F04323F0400383F0E1
:10A66000300343F4004343F08003236029E00122D8
:10A670002B89824023EA02032B81DCF8083013B1D6
:10A68000014628469847302383F31188002105EBC3
:10A6900087077B6858690C30FEF731FF002383F38E
:10A6A00011880EE02368120523F4784323F0F003A9
:10A6B00043F080032360C1B206D52846DCF804309D
:10A6C0009847344B5E6C94E7324BDCF818201B6DD6
:10A6D000D2F8088003F1804303F5C04303EB001375
:10A6E0009E68DB6806F1005606F540564FEA460EB6
:10A6F000C3F309037646C3469A46BAF1010F36D82A
:10A700006FF001064FEA530906FB09F6DE421EBF51
:10A71000A8EB06085EF8296088F8006096681E4479
:10A72000966056681E4456601668F61A1660168AB9
:10A73000013EB6B21682BCF812209A4200D80EBB77
:10A74000012303FA00F26B8923EA02036B8105EB14
:10A7500087035B68DB680BB10F489847302383F3AE
:10A76000118805EB87077B689869416893E756F87D
:10A77000049BAAF1020A0BF8029B4FEA19290BF875
:10A78000019CBAE7236823F4904323F0700383F419
:10A79000405366E7005C0040083100200148FFF7A5
:10A7A000BFB900BF0831002008B50378012B12D0D3
:10A7B000094B98420FD11320FFF7E0FC1420FFF75C
:10A7C000DDFC0322054B1A6403F5DA33DA6922F45F
:10A7D0000002DA61DB6908BD08310020005C00403E
:10A7E00090F87E30024A43F08003D364704700BF84
:10A7F000005C004000EB8103F0B5DE68264A336858
:10A80000146D03F00303032B18BFB3FA83F304F1B1
:10A810008044726918BF5B0904F5C0440CBF4FF453
:10A82000C0635B024FEA011C04EB011572B1002208
:10A830006A60328AD0F88470013222F001023A4410
:10A84000C0F8842043F020034CF80470B269CAB108
:10A85000748A43F40053621E3E2C93BF42F00102FF
:10A860000E4E520901328CBF46EA8222520292B247
:10A87000EA600134D0F8842024F001041444C0F8C4
:10A880008440AA608A0002F1804202F5B842106852
:10A890000B4310601360F0BD005C00400080FFFFC0
:10A8A00000218022094B19655964DA644268D26834
:10A8B0008A4214BF4FF43E424FF43C421A64402394
:10A8C000C0F88430024BC360FFF794BF005C0040C7
:10A8D000B8B3000838B501780446012922D1124BDB
:10A8E00098421AD1114B124DDA69132042F400023A
:10A8F000DA61DA691A6942F400021A611A6922F40B
:10A9000000021A611B6929640D21FFF722FC0E2148
:10A910001420FFF71EFC00232B642046BDE83840BE
:10A92000FFF7BEBF38BD00BF083100200010024055
:10A93000005C0040402301220021C0F884309300D5
:10A9400003F1804303F5B84318680132082A186000
:10A950001960F4D170470000054B53F8210010F442
:10A96000405004D0B0F5805F0CBF0120022070473A
:10A97000005C0040054B53F8210010F0300003D07C
:10A9800010280CBF01200220704700BF005C00406F
:10A990000B4B02F108001B6D03F1804303F5C0432C
:10A9A00003EB01139B6803F1005303F540535B0075
:10A9B0001968043322F8021B9042F9D1704700BF96
:10A9C000005C004000EB8100C06882691368ABB195
:10A9D000408A0344013BB3FBF0F31382084A52F868
:10A9E000213023F4904323F0700383F4405343F465
:10A9F000004343F0800342F8213070470123ECE725
:10AA0000005C004000EB8100C26810B553690C4641
:10AA1000128A196820468A4228BF0A4699681A6134
:10AA2000FFF79EFD074A52F8243023F4F04323F049
:10AA3000400383F0300343F4004343F0800342F8C3
:10AA4000243010BD005C0040074A52F8213023F446
:10AA5000904323F0700383F4805343F4004343F0A6
:10AA6000800342F821307047005C0040074A52F8EA
:10AA7000213023F4F04323F0400383F0100343F428
:10AA8000004343F0800342F821307047005C0040EF
:10AA9000890001F1804101F5B8410B6803F440538E
:10AAA000B3F5405F09D00B6823F4F04323F0400373
:10AAB00043F4204343F080030B607047890001F1A9
:10AAC000804101F5B8410B6803F03003302B0BD007
:10AAD0000B6823F4F04323F0400383F0200343F496
:10AAE000004343F080030B607047704708B5FFF7E1
:10AAF000FCFFBDE80840FFF7A1BB0000044A536813
:10AB000043F00073536044F24C22024B9A62704748
:10AB100000000140006C0040704710B5013902444C
:10AB2000904201D1002005E0037811F8014FA342C3
:10AB300001D0181B10BD0130F2E7034602449342D6
:10AB400000D1704703F8011BF9E7034610B5C9B2FD
:10AB50000244934201D1002004E0184604780133F6
:10AB60008C42F6D110BD0A44914200F1FF3300D16E
:10AB7000704710B511F8014B914203F8014FF9D11C
:02AB800010BD06
:10AB840000FF15FF2BFF55FF80FFAAFFD5FF000034
:10AB94001A000800070006001B001D000400140032
:10ABA40020002600215200000000000000000000E8
:10ABB400407E417E207848002878AA00A9002778A2
:10ABC400037C007C01000000000000000000000085
:10ABD4000100010001000100010001000100010069
:10ABE400010001000100000000000000000000005E
:10ABF4000100010001000100010001000100010049
:10AC0400010001000100000000000000000000003D
:10AC1400E200E900EA00B500B600B700CD00830108
:10AC2400CC008A019201940121022302240225020C
:10AC3400260227022A02B300B4006F0070009F01AD
:10AC4400CB019F02A002E200E900EA00B500B600D1
:10AC5400B700CD008301CC008A0192019401210246
:10AC6400230224022502260227022A02B300B4008A
:10AC74006F0070009F01CB019F02A002000C0140F5
:10AC8400010C0140050C0140060C0140070C014079
:10AC9400080C0140090C01400A0C01400008014065
:10ACA4000108014002080140FFFFFFFFFFFFFFFF13
:10ACB400FFFFFFFFFFFFFFFFFFFFFFFF4C61737408
:10ACC40020736563746F7220696E74656E64656465
:10ACD40020746F20626520757365642077697468D9
:10ACE40020776561725F6C6576656C696E67206953
:10ACF40073206265796F6E6420617661696C61624C
:10AD04006C6520666C617368206465736372697036
:10AD1400746F722072616E67650008D6D966C5B318
:10AD2400CA1F006330006D61696E0069646C650060
:10AD34006432141E140A052223252628292A2C2DC0
:10AD44002F3032333536383A3B3D3E404243454757
:10AD5400494A4C4E5051535557595A5C5E6062648F
:10AD64006668696B6D6F71737577797B7D7F81839D
:10AD74008587898A8C8E90929496989A9C9E9FA19E
:10AD8400A3A5A7A8AAACAEAFB1B3B4B6B8B9BBBCBF
:10AD9400BEBFC1C2C3C5C6C7C9CACBCCCDCED0D134
:10ADA400D2D2D3D4D5D6D7D7D8D9D9DADADBDBDB2C
:10ADB400DCDCDCDCDCDDDDDDDDDCDCDCDCDCDBDBCD
:10ADC400DBDADAD9D9D8D7D7D6D5D4D3D2D2D1D021
:10ADD400CECDCCCBCAC9C7C6C5C3C2C1BFBEBCBB1E
:10ADE400B9B8B6B4B3B1AFAEACAAA8A7A5A3A19F96
:10ADF4009E9C9A98969492908E8C8A89878583815A
:10AE04007F7D7B79777573716F6D6B69686664623A
:10AE1400605E5C5A5957555351504E4C4A49474508
:10AE24004342403E3D3B3A3836353332302F2D2CA9
:10AE34002A292826252322000102020202060606E8
:10AE440006060600E95F0008F95F000811600008C3
:10AE54002D6000080001010101010101010102024C
:10AE640002020202020202030303030303030304B4
:10AE7400040404040404050505050506060606067F
:10AE8400070707070708080808090909090A0A0A39
:10AE94000B0B0B0C0C0C0D0D0D0E0E0E0F0F0F10DB
:10AEA4001011111112121313141415151616171765
:10AEB400181819191A1A1B1B1C1D1D1E1E1F2020D1
:10AEC400212222232424252626272829292A2B2C1B
:10AED4002D2D2E2F30313232333435363738393A3E
:10AEE4003B3C3D3E3F404142434445464748494A36
:10AEF4004C4D4E4F50515354555658595A5B5D5E04
:10AF04005F616264656668696B6C6D6F707273759E
:10AF140077787A7B7D7E8082838587888A8C8E8F02
:10AF240091939596989A9C9EA0A2A3A5A7A9ABAD30
:10AF3400AFB1B3B5B7BABCBEC0C2C4C6C9CBCDCF1E
:10AF4400D1D4D6D8DBDDDFE2E4E7E9EBEEF0F3F5CC
:10AF5400F8FAFDFFFD377A585A000004E6D6B446E5
:10AF64000200210116000000742FE5A3E001550042
:10AF7400D05D003D8889C65436C3174FE4E2A73F2D
:10AF840043C36CBFFAADA6847393AD32F9ECAE3310
:10AF9400175A56D9C0CF8169E3AD3D85F25608B83A
:10AFA40084E3584066DBAD10A5B10CF0DA900FF1E4
:10AFB400D2659C85A41B86CA5663B52704231CDD71
:10AFC400F5ABCA5D0BE6553F5C52D2FA4B1201A3B6
:10AFD400810B657EDA74BB2E20845A5D6EF9950769
:10AFE400C5B8459823BE186FC65AD72590EBF1A073
:10AFF400A34229B1198227E74AFC4D85DE18E3D024
:10B00400C1E45F15E4C36355D7DA53B85A24A1C029
:10B01400569E86156018C76F4B8F6FFDE5F14E3154
:10B02400EFCB25B1A38F8DE50198B143342DA38DCA
:10B034002F7B3B654E8293853FEAA31FF332C0D634
:10B04400673089006BB99DD83BBDDF820001EC01FC
:10B05400D6020000BF14089FB1C467FB02000000C1
:10B064000004595A504F52514A4D4B4E2A4C2F30DE
:10B07400B6B7ABACBBBCA9AABDBE0D0E0B0F1A056F
:10B0840008050905071811130408120C0000000034
:10B09400000000002A2B280000000000000000002F
:10B0A4000000000000000029000000002C1E3420D5
:10B0B400212224342627252E362D3738271E1F20FB
:10B0C4002122232425263333362E37381F04050640
:10B0D4000708090A0B0C0D0E0F1011121314151684
:10B0E4001718191A1B1C1D2F3130232D3504050682
:10B0F4000708090A0B0C0D0E0F1011121314151664
:10B104001718191A1B1C1D2F3130354C0000000074
:10B11400000000000000000000000000000000002B
:10B12400000000000000000000000000000000001B
:10B134007E0F00D4FFFFFFC700000078658600087B
:10B14400CD850008B58400080000000044223200C8
:10B1540087B2000833B2000855B20008D8B100081D
:10B16400F1B1000811B200080410101CC2B10008AB
:10B17400B0B100089EB1000880B100081C0376003D
:10B18400690061006C003A00660036003400630018
:10B194003200620033006300000010036D006F0092
:10B1A40076006100690064007800000010034D001F
:10B1B4006F00760061006900440058000000040339
:10B1C400090409025B00030100A0FA09040000015C
:10B1D4000301010009211101000122440007058136
:10B1E4000308000109040100020300000009211101
:10B1F4000100012222000705820320000107050344
:10B2040003200001090402000103000000092111C8
:10B21400010001223200070584032000011201000D
:10B224000200000040EDFEAF6D00010102030106C3
:10B2340060FF0961A1010962150026FF00952075D0
:10B244000881020963150026FF0095207508910204
:10B25400C005010980A101850319012AB700150160
:10B2640026B700950175108100C0050C0901A101E4
:10B27400850419012AA002150126A0029501751062
:10B284008100C005010906A101050719E029E71598
:10B294000025019508750181029501750881010554
:10B2A40007190029FF150026FF009506750881007F
:10B2B4000508190129051500250195057501910257
:10B2C400950175039101C00054B900089031002024
:10B2D400903100209031002054B900080000000093
:10B2E400000000000000000054B900080000000045
:10B2F400000000000000000054B900080000000035
:10B30400000000000000000054B900080000000024
:10B31400000000000000000054B900080000000014
:10B32400000000000000000054B900080000000004
:10B33400000000000000000054B9000800000000F4
:10B34400000000000000000027AD0008C82D002008
:10B35400D82E002000000000FDA2000805A300086C
:10B364002FA30008BBA30008BFA30008F7A300088D
:10B3740021A400089D9A0008919A00080100000089
:10B384000000000003000000020000008000000034
:10B39400000000000004000000000008000002009B
:10B3A4000402040808000307080808080808080835
:10B3B4000B0F000000000000819D000829A0000878
:10B3C400DBA0000840004000E02E0020E02E00201A
:10B3D40001000000D82E0020FFFFFFFF884B888863
:10B3E400B8848888FFFFFFFF8888888888838888D6
:10B3F400FFFFFFFF8888888888883888FFFFFFFF61
:10B404004488888888888888FFFFFFFF8888888820
:10B414008888888800202020202020202020282898
:10B424002828282020202020202020202020202000
:10B434002020202020881010101010101010101040
:10B444001010101010040404040404040404041070
:10B4540010101010101041414141414101010101FE
:10B4640001010101010101010101010101010101C8
:10B4740010101010101042424242424202020202D4
:10B484000202020202020202020202020202020298
:10B494001010101020000000000000000000000048
:10B4A4000000000000000000000000000000000098
:10B4B4000000000000000000000000000000000088
:10B4C4000000000000000000000000000000000078
:10B4D4000000000000000000000000000000000068
:10B4E4000000000000000000000000000000000058
:10B4F4000000000000000000000000000000000048
:10B504000000000000000000000000000000000037
:08B5140000000000000000002F
:08B51C00806DFF7F01000000BB
:10B52400DA100020BD450008FFFF0000FFFF000007
:10B53400FFFFFFFF000800080801000001000000F1
:10B54400010103020100000100000000098300085A
:10B554008D880008A3880008A5880008A78800082B
:10B56400B188000800000000000000000000000096
:10B5740000000000000000000000000000000000C7
:10B5840000000000000000000000000000000000B7
:10B5940000000000000000000000000003000000A4
:10B5A4000000000000000000118C000800002000D2
:10B5B4000000000000000000020000000000000085
:10B5C4000000000000000000000000000000000077
:10B5D4000000000008310020030000000400000007
:10B5E40020000000482B00200000000001020000A1
:10B5F4000000000000000000000000000000000047
:10B604000000000000000000000000000000000036
:10B614000000000000000000000000000000000026
:10B624000000000000000000030000000000000013
:10B634007B8B0008000000002000000000000000D8
:10B6440000000000020000000000000000000000F4
:10B6540000000000000000000000000000000000E6
:10B664000831002004000000040000002000000055
:10B67400982C00200000000000000000580F00205B
:10B6840000000000000000000000000000000000B6
:10B6940000000000000000000000000000000000A6
:10B6A4000000000000000000000000000000000096
:10B6B4000000000000000000030000000000000083
:10B6C4007B8B000800000000080000000000000060
:10B6D4000000000002000000000000000000000064
:10B6E4000000000000000000000000000000000056
:10B6F40008310020010000000400000008000000E0
:10B70400682C00200000000000000000EC0E002067
:10B714000000000000000000000000000000000025
:10B724000000000000000000000000000000000015
:10B734000000000000000000000000000000000005
:10B7440000000000000000000300000000000000F2
:10B754007B8B0008000000002000000000000000B7
:10B7640000000000020000000000000000000000D3
:10B7740000000000000000000000000000000000C5
:10B784000831002002000000040000002000000036
:10B79400D82B00200000000000000000800E0020D4
:10B7A4009C0E0020898D0008698D00089F8D00087B
:10B7B400818E00089D8E0008A98E0008A00E00202E
:10B7C4000000000000000000000000000000000075
:10B7D4000000000000000000000000000000000065
:10B7E4000000000000000000000000000000000055
:10B7F4000000000000000000000000000000000045
:10B80400000000000000000020000000080F0020DD
:10B81400898D0008698D00089F8D0008818E0008BD
:10B824009D8E0008A98E00080C0F00200000000067
:10B834000000000000000000000000000000000004
:10B8440000000000000000000000000000000000F4
:10B8540000000000000000000000000000000000E4
:10B8640000000000000000000000000000000000D4
:10B874000000000008000000740F0020E58D00089F
:10B88400BD8D0008018E0008F98E00081D8F000888
:10B89400358F0008000000000000000000000000D8
:10B8A400E40F0020980F00200000000000000000BA
:10B8B4000000000000000000000000000000000084
:10B8C4000400000000000000000000000000000070
:10B8D4000000000000000000000000000000000064
:10B8E4000000000000000000000000000000000054
:10B8F4000000000000000000000000000000000044
:10B90400030000000000000000000000030000002D
:10B914000000000000000000000000000000000023
:10B924000000000000000000000000000000000013
:10B934000000000000000000000000000000000003
:10B9440000000000000000000000000003000000F0
:040000050800223994
:00000001FF
